video_id,publish_date,dish_name,title
L26_V001,30/09/2024,ĐÙI ẾCH CHIÊN MÈ,ĐÙI ẾCH CHIÊN MÈ  MÓN NGON MỖI NGÀY  VIVU TV
L26_V002,29/09/2024,BÁNH CREPE ÁP CHẢO,BÁNH CREPE ÁP CHẢO  MÓN NGON MỖI NGÀY  VIVU TV
L26_V003,20/09/2024,ỨC GÀ NHỒI PHÔ MAI,ỨC GÀ NHỒI PHÔ MAI MÓN NGON MỖI NGÀY  VIVU TV
L26_V004,19/09/2024,PANNA COTTA KEM MUỐI,PANNA COTTA KEM MUỐI  MÓN NGON MỖI NGÀY  VIVU TV
L26_V005,19/09/2024,SUP MỘC NHĨ THỊT CUA,SUP MỘC NHĨ THỊT CUA  MÓN NGON MỖI NGÀY  VIVU TV
L26_V006,18/09/2024,CÁ CHÉP CHIÊN GIÒN CUỐN BÁNH TRÁNG,CÁ CHÉP CHIÊN GIÒN CUỐN BÁNH TRÁNG  MÓN NGON MỖI NGÀY  VIVU TV
L26_V007,12/09/2024,SALAD CÁ NGỪ RAU THƠM,SALAD CÁ NGỪ RAU THƠM  MÓN NGON MỖI NGÀY  VIVU TV
L26_V008,11/09/2024,MÌ Ý BÒ BẰM,MÌ Ý BÒ BẰM  MÓN NGON MỖI NGÀY  VIVU TV
L26_V009,07/09/2024,BÒ CUỘN XÚC XÍCH CHIÊN,BÒ CUỘN XÚC XÍCH CHIÊN  MÓN NGON MỖI NGÀY  VIVU TV
L26_V010,06/09/2024,VỊT KHO RIỀNG ỚT KHÔ,VỊT KHO RIỀNG ỚT KHÔ  MÓN NGON MỖI NGÀY  VIVU TV
L26_V011,05/09/2024,LẨU KIM CHI PHÔ MAI,LẨU KIM CHI PHÔ MAI  MÓN NGON MỖI NGÀY  VIVU TV
L26_V012,04/09/2024,CỦ NĂNG OM NẤM CHAY,CỦ NĂNG OM NẤM CHAY  MÓN NGON MỖI NGÀY  VIVU TV
L26_V013,15/08/2024,SALAD BƠ BACON,SALAD BƠ BACON  MÓN NGON MỖI NGÀY  VIVU TV
L26_V014,14/08/2024,CANH ỐC MỒNG TƠI,CANH ỐC MỒNG TƠI  MÓN NGON MỖI NGÀY  VIVU TV
L26_V015,03/08/2024,CHẢ GIÒ RONG BIỂN CHAY,CHẢ GIÒ RONG BIỂN CHAY  MÓN NGON MỖI NGÀY  VIVU TV
L26_V016,02/08/2024,SƯỜN KHO CỦ NÉN,SƯỜN KHO CỦ NÉN  MÓN NGON MỖI NGÀY  VIVU TV
L26_V017,01/08/2024,TÔM SÚ KHO LÁ QUẾ,TÔM SÚ KHO LÁ QUẾ  MÓN NGON MỖI NGÀY  VIVU TV
L26_V018,31/07/2024,CANH SƯỜN ĐẬU PHỘNG XÁ BẤU,CANH SƯỜN ĐẬU PHỘNG XÁ BẤU  MÓN NGON MỖI NGÀY  VIVU TV
L26_V019,20/07/2024,CANH TÔM BỒ NGÓT,CANH TÔM BỒ NGÓT  MÓN NGON MỖI NGÀY  VIVU TV
L26_V020,19/07/2024,TIM HEO NƯỚNG NGŨ VỊ,TIM HEO NƯỚNG NGŨ VỊ  MÓN NGON MỖI NGÀY  VIVU TV
L26_V021,13/07/2024,SUP GÀ MỘC NẤM HƯƠNG,SUP GÀ MỘC NẤM HƯƠNG  MÓN NGON MỖI NGÀY  VIVU TV
L26_V022,12/07/2024,NGHÊU KHO NƯỚC TƯƠNG,NGHÊU KHO NƯỚC TƯƠNG  MÓN NGON MỖI NGÀY  VIVU TV
L26_V023,11/07/2024,CÁ HỒI HẠNH NHÂN XỐT CHANH DÂY,CÁ HỒI HẠNH NHÂN XỐT CHANH DÂY  MÓN NGON MỖI NGÀY  VIVU TV
L26_V024,06/07/2024,CHÁO CÁ NẤU BẮP NẾP,CHÁO CÁ NẤU BẮP NẾP  MÓN NGON MỖI NGÀY  VIVU TV
L26_V025,05/07/2024,VIÊN XÚC XÍCH TRỨNG CÚT CHIÊN,VIÊN XÚC XÍCH TRỨNG CÚT CHIÊN  MÓN NGON MỖI NGÀY  VIVU TV
L26_V026,04/07/2024,SALAD RONG NHO XỐT MÈ RANG,SALAD RONG NHO XỐT MÈ RANG  MÓN NGON MỖI NGÀY  VIVU TV
L26_V027,29/06/2024,LẨU SƯỜN KHOAI MÔN,LẨU SƯỜN KHOAI MÔN  MÓN NGON MỖI NGÀY  VIVU TV
L26_V028,28/06/2024,CANH LƯƠN BỒN BỒN,CANH LƯƠN BỒN BỒN  MÓN NGON MỖI NGÀY  VIVU TV
L26_V029,27/06/2024,PHỞ TÁI LĂN,PHỞ TÁI LĂN  MÓN NGON MỖI NGÀY  VIVU TV
L26_V030,13/06/2024,CÁ BASA PHI LÊ CHIÊN TRỨNG,CÁ BASA PHI LÊ CHIÊN TRỨNG  MÓN NGON MỖI NGÀY  VIVU TV
L26_V031,08/06/2024,VỊT NẤU CƠM RƯỢU,VỊT NẤU CƠM RƯỢU  MÓN NGON MỖI NGÀY  VIVU TV
L26_V032,07/06/2024,BÁNH RÁN BURGER BÒ,BÁNH RÁN BURGER BÒ  MÓN NGON MỖI NGÀY  VIVU TV
L26_V033,06/06/2024,MỀ GÀ XÀO CAY,MỀ GÀ XÀO CAY  MÓN NGON MỖI NGÀY  VIVU TV
L26_V034,06/06/2024,THỊT BÊ XÀO LĂN NGON THÍCH MÊ,THỊT BÊ XÀO LĂN NGON THÍCH MÊ  MÓN NGON MỖI NGÀY  VIVU TV
L26_V035,30/05/2024,MỰC XÀO ĐẬU HÀ LAN,MỰC XÀO ĐẬU HÀ LAN  MÓN NGON MỖI NGÀY  VIVU TV
L26_V036,29/05/2024,CÁ HẤP MỒNG TƠI,CÁ HẤP MỒNG TƠI  MÓN NGON MỖI NGÀY  VIVU TV
L26_V037,22/05/2024,DA HEO CHIÊN NƯỚC MẮM GIÒN RỤM THƠM LỪNG,DA HEO CHIÊN NƯỚC MẮM GIÒN RỤM THƠM LỪNG  MÓN NGON MỖI NGÀY  VIVU TV
L26_V038,18/05/2024,TRÀ SỮA MATCHA KHOAI MÔN,TRÀ SỮA MATCHA KHOAI MÔN  MÓN NGON MỖI NGÀY  VIVU TV
L26_V039,17/05/2024,SƯỜN CHAY OM NẤM ĐÙI GÀ,SƯỜN CHAY OM NẤM ĐÙI GÀ  MÓN NGON MỖI NGÀY  VIVU TV
L26_V040,16/05/2024,SALAD BEEF STEAK,SALAD BEEF STEAK  MÓN NGON MỖI NGÀY  VIVU TV
L26_V041,15/05/2024,CƠM TÔM GIÒN KHO QUẸT,CƠM TÔM GIÒN KHO QUẸT  MÓN NGON MỖI NGÀY  VIVU TV
L26_V042,10/05/2024,CÁ BỐNG TRỨNG KHO TIÊU THẤM VỊ ĐẬM ĐÀ,CÁ BỐNG TRỨNG KHO TIÊU THẤM VỊ ĐẬM ĐÀ  MÓN NGON MỖI NGÀY  VIVU TV
L26_V043,10/05/2024,LẨU BÒ THẢO MỘC NÓNG HỔI CHUẨN VỊ NHÀ HÀNG,LẨU BÒ THẢO MỘC NÓNG HỔI CHUẨN VỊ NHÀ HÀNG  MÓN NGON MỖI NGÀY  VIVU TV
L26_V044,06/04/2024,BLENDY Trà Đào Cam Sả,BLENDY Trà Đào Cam Sả  MÓN NGON MỖI NGÀY  VIVU TV
L26_V045,05/04/2024,Cơm Gà Nướng Nước Tương,Cơm Gà Nướng Nước Tương  MÓN NGON MỖI NGÀY  VIVU TV
L26_V046,30/03/2024,GÀ XÀO TIÊU ĐEN,GÀ XÀO TIÊU ĐEN  MÓN NGON MỖI NGÀY  VIVU TV
L26_V047,29/03/2024,SƯỜN BÒ HẦM ĐẬU PHỘNG,SƯỜN BÒ HẦM ĐẬU PHỘNG  MÓN NGON MỖI NGÀY  VIVU TV
L26_V048,28/03/2024,CANH CÁ RAU CẦN,CANH CÁ RAU CẦN  MÓN NGON MỖI NGÀY  VIVU TV
L26_V049,27/03/2024,BÚN RIÊU CUA BẮP BÒ,BÚN RIÊU CUA BẮP BÒ  MÓN NGON MỖI NGÀY  VIVU TV
L26_V050,16/03/2024,Bò Cuộn Rong Biển Mềm Ngọt Thơm Ngon,Bò Cuộn Rong Biển Mềm Ngọt Thơm Ngon  MÓN NGON MỖI NGÀY  VIVU TV
L26_V051,09/03/2024,Canh Chua Cá Lóc Đậu Tương,Canh Chua Cá Lóc Đậu Tương  MÓN NGON MỖI NGÀY  VIVU TV
L26_V052,09/03/2024,Bò Áp Chảo Thơm Ngon Xuất Sắc,Bò Áp Chảo Thơm Ngon Xuất Sắc  MÓN NGON MỖI NGÀY  VIVU TV
L26_V053,08/03/2024,Salad Trứng Giòn Ngọt Xanh Tươi,Salad Trứng Giòn Ngọt Xanh Tươi  MÓN NGON MỖI NGÀY  VIVU TV
L26_V054,08/03/2024,Xúc Xích Xào Dưa Cải,Xúc Xích Xào Dưa Cải  MÓN NGON MỖI NGÀY  VIVU TV
L26_V055,24/02/2024,CÁNH GÀ CHIÊN LÁ CHANH,CÁNH GÀ CHIÊN LÁ CHANH  MÓN NGON MỖI NGÀY  VIVU TV
L26_V056,23/02/2024,CUỐN CHAY ĐẬU HỦ RAU RỪNG,CUỐN CHAY ĐẬU HỦ RAU RỪNG  MÓN NGON MỖI NGÀY  VIVU TV
L26_V057,17/02/2024,ĐÙI GÀ XỐT KIỂU TERIYAKI,ĐÙI GÀ XỐT KIỂU TERIYAKI  MÓN NGON MỖI NGÀY  VIVU TV
L26_V058,16/02/2024,CANH KHOAI MÌ NẤU TÔM,CANH KHOAI MÌ NẤU TÔM  MÓN NGON MỖI NGÀY  VIVU TV
L26_V059,10/02/2024,BLENDY GẠO RANG KEM CHUỐI,BLENDY GẠO RANG KEM CHUỐI  MÓN NGON MỖI NGÀY  VIVU TV
L26_V060,09/02/2024,CANH GÀ TỨ QUÝ NGỌT THANH NHẸ NHÀNG,CANH GÀ TỨ QUÝ NGỌT THANH NHẸ NHÀNG  MÓN NGON MỖI NGÀY  VIVU TV
L26_V061,03/02/2024,CÁ LÒNG TONG RIM NƯỚC MẮM ĐẠM ĐÀ SAY ĐẮM,CÁ LÒNG TONG RIM NƯỚC MẮM ĐẠM ĐÀ SAY ĐẮM  MÓN NGON MỖI NGÀY  VIVU TV
L26_V062,02/02/2024,GÀ HẤP HÀNH RĂM CAY NỒNG NGỌT THỊT,GÀ HẤP HÀNH RĂM CAY NỒNG NGỌT THỊT  MÓN NGON MỖI NGÀY  VIVU TV
L26_V063,27/01/2024,BÚN TRỘN NGŨ SẮC,BÚN TRỘN NGŨ SẮC  MÓN NGON MỖI NGÀY  VIVU TV
L26_V064,26/01/2024,ỐC XÀO KHẾ GIÒN NGỌT CHUA CAY,ỐC XÀO KHẾ GIÒN NGỌT CHUA CAY  MÓN NGON MỖI NGÀY  VIVU TV
L26_V065,25/01/2024,Ba Chỉ Rim Mắm Ruốc Thơm phức Nức Vị,Ba Chỉ Rim Mắm Ruốc Thơm phức Nức Vị  MÓN NGON MỖI NGÀY  VIVU TV
L26_V066,24/01/2024,Mặn ngọt hài hòa Gà Om Kiểu Hoa,Mặn ngọt hài hòa Gà Om Kiểu Hoa  MÓN NGON MỖI NGÀY  VIVU TV
L26_V067,13/01/2024,CUPCAKE Trứng Muối Chà Bông Pho Mai Béo Thơm Hài Hòa,CUPCAKE Trứng Muối Chà Bông Pho Mai Béo Thơm Hài Hòa  MÓN NGON MỖI NGÀY  VIVU TV
L26_V068,12/01/2024,Chua Ngọt Cay Cay Lẩu Cá Lăng Vị Thái,Chua Ngọt Cay Cay Lẩu Cá Lăng Vị Thái  MÓN NGON MỖI NGÀY  VIVU TV
L26_V069,06/01/2024,Thơm Ngào Ngạt Lươn Nướng Lá Chanh,Thơm Ngào Ngạt Lươn Nướng Lá Chanh  MÓN NGON MỖI NGÀY  VIVU TV
L26_V070,05/01/2024,Ba Chỉ Chiên Riềng Mẻ Giòn Rụm Nồng Nàn Mới Lạ,Ba Chỉ Chiên Riềng Mẻ Giòn Rụm Nồng Nàn Mới Lạ  MÓN NGON MỖI NGÀY  VIVU TV
L26_V071,30/12/2023,Thanh Mát Ngọt Lành Salad Táo và Hạt Óc Chó,Thanh Mát Ngọt Lành Salad Táo và Hạt Óc Chó  MÓN NGON MỖI NGÀY  VIVU TV
L26_V072,29/12/2023,Ngọt Thơm Giòn Giòn Soup Gấc Nấm Mỡ,Ngọt Thơm Giòn Giòn Soup Gấc Nấm Mỡ  MÓN NGON MỖI NGÀY  VIVU TV
L26_V073,23/12/2023,Đùi Dê Quay_Chín ngọt bên trong vàng thơm bên ngoài,Đùi Dê Quay_Chín ngọt bên trong vàng thơm bên ngoài  MÓN NGON MỖI NGÀY  VIVU TV
L26_V074,22/12/2023,Chua ngọt xuýt xoa Lẩu Thái và Hoa,Chua ngọt xuýt xoa Lẩu Thái và Hoa  MÓN NGON MỖI NGÀY  VIVU TV
L26_V075,16/12/2023,GỎI CÁ KIỂU NHẬT NGỌT THƠM GIÒN GIÒN KHÉO VỊ ĐƯA CƠM,GỎI CÁ KIỂU NHẬT NGỌT THƠM GIÒN GIÒN KHÉO VỊ ĐƯA CƠM  MÓN NGON MỖI NGÀY  VIVU TV
L26_V076,15/12/2023,THƠM NỒNG QUYẾN RŨ CƠM CHIÊN KIM CHI,THƠM NỒNG QUYẾN RŨ CƠM CHIÊN KIM CHI  MÓN NGON MỖI NGÀY  VIVU TV
L26_V077,14/12/2023,Mê ngay hương vị núi rừng với GÀ XÀO CHẲM CHÉO,Mê ngay hương vị núi rừng với GÀ XÀO CHẲM CHÉO  MÓN NGON MỖI NGÀY  VIVU TV
L26_V078,09/12/2023,CHẢ BẮP DAI GIÒN THƠM NGỌT TRỌN VI MÂM CƠM,CHẢ BẮP DAI GIÒN THƠM NGỌT TRỌN VI MÂM CƠM  MÓN NGON MỖI NGÀY  VIVU TV
L26_V079,08/12/2023,NGỌT THƠM LẠ MIỆNG PANCAKE SOCOLA MỨT CAM,NGỌT THƠM LẠ MIỆNG PANCAKE SOCOLA MỨT CAM  MÓN NGON MỖI NGÀY  VIVU TV
L26_V080,07/12/2023,CẢI NGỒNG TRỘN GÀ XÉ,CẢI NGỒNG TRỘN GÀ XÉ  MÓN NGON MỖI NGÀY  VIVU TV
L26_V081,29/11/2023,Đậm Đà Cay Cay Chuẩn Món Quê_CÁ HE KHO RỆU,Đậm Đà Cay Cay Chuẩn Món Quê_CÁ HE KHO RỆU  MÓN NGON MỖI NGÀY  VIVU TV
L26_V082,23/11/2023,SALAD MỰC MĂNG TÂY_Tươi xanh mộng nước,SALAD MỰC MĂNG TÂY_Tươi xanh mộng nước  MÓN NGON MỖI NGÀY  VIVU TV
L26_V083,22/11/2023,PAD THÁI CHAY_Vị thanh nhẹ cực kỳ lôi cuốn,PAD THÁI CHAY_Vị thanh nhẹ cực kỳ lôi cuốn  MÓN NGON MỖI NGÀY  VIVU TV
L26_V084,18/11/2023,Chả Cá Thu Chiên Lá Lốt Thơm nức lòng dai ngọt vấn vương,Chả Cá Thu Chiên Lá Lốt Thơm nức lòng dai ngọt vấn vương  MÓN NGON MỖI NGÀY  VIVU TV
L26_V085,17/11/2023,Xì sụp hít hà vị ngọt thơm thanh_Canh Cá Minh Thái,Xì sụp hít hà vị ngọt thơm thanh_Canh Cá Minh Thái  MÓN NGON MỖI NGÀY  VIVU TV
L26_V086,16/11/2023,Chua Ngọt Cay Cay_LẨU THÁI ĐẦU CÁ LÓC BÔNG,Chua Ngọt Cay Cay_LẨU THÁI ĐẦU CÁ LÓC BÔNG  MÓN NGON MỖI NGÀY  VIVU TV
L26_V087,11/11/2023,Chua Ngọt lạ miệng ngon tê tái_SÚP CUA VỊ THÁI,Chua Ngọt lạ miệng ngon tê tái_SÚP CUA VỊ THÁI  MÓN NGON MỖI NGÀY  VIVU TV
L26_V088,10/11/2023,Giòn giòn ngọt ngọt chua chua_MỰC CHIÊN GIÒN XỐT TẮC,Giòn giòn ngọt ngọt chua chua_MỰC CHIÊN GIÒN XỐT TẮC  MÓN NGON MỖI NGÀY  VIVU TV
L26_V089,09/11/2023,CHẢ LA XƯƠNG SÔNG THƠM NGON ẤN TƯỢNG,CHẢ LA XƯƠNG SÔNG THƠM NGON ẤN TƯỢNG  MÓN NGON MỖI NGÀY  VIVU TV
L26_V090,03/11/2023,BLENDY KEM NHO,BLENDY KEM NHO  MÓN NGON MỖI NGÀY  VIVU TV
L26_V091,14/10/2023,ChuaThanh Giòn Thịt Thom Ấm Nồng _Thịt Bê Om Giấm Nghệ,ChuaThanh Giòn Thịt Thom Ấm Nồng _Thịt Bê Om Giấm Nghệ  MÓN NGON MỖI NGÀY  VIVU TV
L26_V092,13/10/2023,Giòn Thơm Đậm Đà CÁ NGỪ CUỘN PHÔ MAI,Giòn Thơm Đậm Đà CÁ NGỪ CUỘN PHÔ MAI  MÓN NGON MỖI NGÀY  VIVU TV
L26_V093,07/10/2023,Giòn thơm béo bùi Ngưu Bang Chiên tôm,Giòn thơm béo bùi Ngưu Bang Chiên tôm  MÓN NGON MỖI NGÀY  VIVU TV
L26_V094,06/10/2023,Canh Sườn non Xuyên Tiêu vị ngọt thanh va thơm nồng ấm,Canh Sườn non Xuyên Tiêu vị ngọt thanh va thơm nồng ấm  MÓN NGON MỖI NGÀY  VIVU TV
L26_V095,30/09/2023,SƯỜN HEO OM MÍT NON,SƯỜN HEO OM MÍT NON  MÓN NGON MỖI NGÀY  VIVU TV
L26_V096,29/09/2023,VIÊN THANH CUA PHÔ MAI,VIÊN THANH CUA PHÔ MAI  MÓN NGON MỖI NGÀY  VIVU TV
L26_V097,28/09/2023,CANH TÔM KHOAI MÀI sánh dẻo thơm bùi vị đồng quê,CANH TÔM KHOAI MÀI sánh dẻo thơm bùi vị đồng quê  MÓN NGON MỖI NGÀY  VIVU TV
L26_V098,23/09/2023,MATCHA CÀ PHÊ vị mát lạnh thơm lừng,MATCHA CÀ PHÊ vị mát lạnh thơm lừng  MÓN NGON MỖI NGÀY  VIVU TV
L26_V099,22/09/2023,TÔM NÉ bơ tỏi Thơm tung bừng gắp không ngừng,TÔM NÉ bơ tỏi Thơm tung bừng gắp không ngừng  MÓN NGON MỖI NGÀY  VIVU TV
L26_V100,21/09/2023,TÔM CÀNG HẤP XỐT MAYONNAISE XOÀI,TÔM CÀNG HẤP XỐT MAYONNAISE XOÀI  MÓN NGON MỖI NGÀY  VIVU TV
L26_V101,15/09/2023,Giòn Ngon Đậm Đà MÁ HEO NƯỚNG TÁO,Giòn Ngon Đậm Đà MÁ HEO NƯỚNG TÁO  MÓN NGON MỖI NGÀY  VIVU TV
L26_V102,14/09/2023,PANCAKE XỐT ĐẬU GÀ,PANCAKE XỐT ĐẬU GÀ  MÓN NGON MỖI NGÀY  VIVU TV
L26_V103,09/09/2023,Thăn Heo Cuộn Cải Hấp,Thăn Heo Cuộn Cải Hấp  MÓN NGON MỖI NGÀY  VIVU TV
L26_V104,08/09/2023,Chôm Chôm Nhồi Tôm Chiên Mộng Nước giòn Thơm,Chôm Chôm Nhồi Tôm Chiên Mộng Nước giòn Thơm  MÓN NGON MỖI NGÀY  VIVU TV
L26_V105,07/09/2023,TOM YUM KUNG CHUA CAY KÍCH THÍCH,TOM YUM KUNG CHUA CAY KÍCH THÍCH  MÓN NGON MỖI NGÀY  VIVU TV
L26_V106,02/09/2023,CÁ THU XỐT XOÀI,CÁ THU XỐT XOÀI  MÓN NGON MỖI NGÀY  VIVU TV
L26_V107,17/08/2023,CANH TÔM CHUA CAY NGON BÙNG CHÁY,CANH TÔM CHUA CAY NGON BÙNG CHÁY  MÓN NGON MỖI NGÀY  VIVU TV
L26_V108,12/08/2023,Giòn Thơm Ngọt Bùi với Khoai Chiên lắc Mayo Mè,Giòn Thơm Ngọt Bùi với Khoai Chiên lắc Mayo Mè  MÓN NGON MỖI NGÀY  VIVU TV
L26_V109,11/08/2023,Xôi Cẩm Thịt Cua Vừa Giòn lại Dẻo Thơm,Xôi Cẩm Thịt Cua Vừa Giòn lại Dẻo Thơm  MÓN NGON MỖI NGÀY  VIVU TV
L26_V110,10/08/2023,Tép Ruộng Xào Khế Bông Điên Điển Giòn Ngọt Vị Đồng,Tép Ruộng Xào Khế Bông Điên Điển Giòn Ngọt Vị Đồng  MÓN NGON MỖI NGÀY  VIVU TV
L26_V111,10/08/2023,Béo Béo Giòn Ngọt Bánh Mì Hạnh Nhân,Béo Béo Giòn Ngọt Bánh Mì Hạnh Nhân  MÓN NGON MỖI NGÀY  VIVU TV
L26_V112,05/08/2023,BÊ CUỘN KHÌA NƯỚC DỪA TƯƠI,BÊ CUỘN KHÌA NƯỚC DỪA TƯƠI  MÓN NGON MỖI NGÀY  VIVU TV
L26_V113,04/08/2023,Xốp mềm béo thơm bánh rán kẹp cá ngừ Mayonnaise,Xốp mềm béo thơm bánh rán kẹp cá ngừ Mayonnaise  MÓN NGON MỖI NGÀY  VIVU TV
L26_V114,03/08/2023,BÁNH RÁN HƯƠNG MÙA HÈ,BÁNH RÁN HƯƠNG MÙA HÈ  MÓN NGON MỖI NGÀY  VIVU TV
L26_V115,15/07/2023,Đậm đà khó cưỡng Cá Hồi ngâm rau củ chua ngọt,Đậm đà khó cưỡng Cá Hồi ngâm rau củ chua ngọt  MÓN NGON MỖI NGÀY  VIVU TV
L26_V116,14/07/2023,Sườn non kho dưa cải thơm ngon đậm đà,Sườn non kho dưa cải thơm ngon đậm đà  MÓN NGON MỖI NGÀY  VIVU TV
L26_V117,08/07/2023,Thanh mát lạ miệng Canh sườn củ sen ATISO,Thanh mát lạ miệng Canh sườn củ sen ATISO  MÓN NGON MỖI NGÀY  VIVU TV
L26_V118,07/07/2023,Thơm nồng nàn ba rọi sả ớt tẩm bột chiên giòn,Thơm nồng nàn ba rọi sả ớt tẩm bột chiên giòn  MÓN NGON MỖI NGÀY  VIVU TV
L26_V119,01/07/2023,Gà Cari xanh ngọt ngọt cay cay thơm nồng hương Thái,Gà Cari xanh ngọt ngọt cay cay thơm nồng hương Thái  MÓN NGON MỖI NGÀY  VIVU TV
L26_V120,30/06/2023,Vị ngọt thơm với Dồi trường xào Bông hẹ,Vị ngọt thơm với Dồi trường xào Bông hẹ  MÓN NGON MỖI NGÀY  VIVU TV
L26_V121,24/06/2023,Sụn Gà Rang Lá Cary Cay Thơm Ngon Bùng Vị,Sụn Gà Rang Lá Cary Cay Thơm Ngon Bùng Vị  MÓN NGON MỖI NGÀY  VIVU TV
L26_V122,23/06/2023,Salad Cam Đậu Đỏ Tươi Giòn Thanh Mát,Salad Cam Đậu Đỏ Tươi Giòn Thanh Mát  MÓN NGON MỖI NGÀY  VIVU TV
L26_V123,10/06/2023,BẠCH TUỘC LẮC CÓC NON XỐT THÁI CHUA NGỌT CAY CAY,BẠCH TUỘC LẮC CÓC NON XỐT THÁI CHUA NGỌT CAY CAY  MÓN NGON MỖI NGÀY  VIVU TV
L26_V124,09/06/2023,"ĐÔNG CÔ BÁCH HOA CHAY, NGỌT THƠM TỪ NẤM","ĐÔNG CÔ BÁCH HOA CHAY, NGỌT THƠM TỪ NẤM  MÓN NGON MỖI NGÀY  VIVU TV"
L26_V125,03/06/2023,CÁ HỒI XÔNG KHÓI CUỘN CƠM,CÁ HỒI XÔNG KHÓI CUỘN CƠM  MÓN NGON MỖI NGÀY  VIVU TV
L26_V126,02/06/2023,LẨU HOA CÁ KÈO CHUA CHUA CAY CAY,LẨU HOA CÁ KÈO CHUA CHUA CAY CAY  MÓN NGON MỖI NGÀY  VIVU TV
L26_V127,29/05/2023,MÍT NON OM SƯỜN CHAY CỦ SEN,MÍT NON OM SƯỜN CHAY CỦ SEN  MÓN NGON MỖI NGÀY  VIVU TV
L26_V128,29/05/2023,ĐÙI GÀ BARBECUE,ĐÙI GÀ BARBECUE  MÓN NGON MỖI NGÀY  VIVU TV
L26_V129,20/05/2023,BA RỌI RIM CHÁY CẠNH,BA RỌI RIM CHÁY CẠNH  MÓN NGON MỖI NGÀY  VIVU TV
L26_V130,20/05/2023,SANDWICH NÓNG PHÔ MAI THỊT NGUỘI,SANDWICH NÓNG PHÔ MAI THỊT NGUỘI  MÓN NGON MỖI NGÀY  VIVU TV
L26_V131,19/05/2023,BÁNH RÁN SOCOLA MÚT TẦM BÓP,BÁNH RÁN SOCOLA MÚT TẦM BÓP  MÓN NGON MỖI NGÀY  VIVU TV
L26_V132,19/05/2023,THỊT BÒ XÀO BÔNG SO ĐŨA,THỊT BÒ XÀO BÔNG SO ĐŨA  MÓN NGON MỖI NGÀY  VIVU TV
L26_V133,06/05/2023,CHẢ ỐC NƯỚNG LÁ LỐT,CHẢ ỐC NƯỚNG LÁ LỐT  MÓN NGON MỖI NGÀY  VIVU TV
L26_V134,05/05/2023,CUA RANG XỐT TẮC,CUA RANG XỐT TẮC  MÓN NGON MỖI NGÀY  VIVU TV
L26_V135,29/04/2023,PANCAKE TRỨNG KHUẤY MỀM XỐP NHƯ MÂY,PANCAKE TRỨNG KHUẤY MỀM XỐP NHƯ MÂY  MÓN NGON MỖI NGÀY  VIVU TV
L26_V136,28/04/2023,CHẢ GIO TÀU HỦ KY DAI GIÒN BẮT VỊ,CHẢ GIO TÀU HỦ KY DAI GIÒN BẮT VỊ  MÓN NGON MỖI NGÀY  VIVU TV
L26_V137,22/04/2023,CÁNH GÀ NƯỚNG CAY Đậm đà vui miệng,CÁNH GÀ NƯỚNG CAY Đậm đà vui miệng  MÓN NGON MỖI NGÀY  VIVU TV
L26_V138,21/04/2023,GỎI XOÀI TÔM SẢ,GỎI XOÀI TÔM SẢ  MÓN NGON MỖI NGÀY  VIVU TV
L26_V139,15/04/2023,Mềm ngọt Nồng Thơm Hấp Dẫn với LẨU VỊT TÍA TÔ,Mềm ngọt Nồng Thơm Hấp Dẫn với LẨU VỊT TÍA TÔ  MÓN NGON MỖI NGÀY  VIVU TV
L26_V140,14/04/2023,CÁ TRỨNG CHIÊN GIÒN Cắn vào giòn tan mang bao cảm xúc,CÁ TRỨNG CHIÊN GIÒN Cắn vào giòn tan mang bao cảm xúc  MÓN NGON MỖI NGÀY  VIVU TV
L26_V141,08/04/2023,SALAD BÒ RAU MÁ Đẹp da thanh nhiệt,SALAD BÒ RAU MÁ Đẹp da thanh nhiệt  MÓN NGON MỖI NGÀY  VIVU TV
L26_V142,08/04/2023,MÌ CĂN XỐT NẤM món chay ngon miệng cho cả gia đình,MÌ CĂN XỐT NẤM món chay ngon miệng cho cả gia đình  MÓN NGON MỖI NGÀY  VIVU TV
L26_V143,07/04/2023,CANH CHUA CÁ DỨA MỘT NẮNG Chua Cay Ngọt Thơm Chuẩn Vị Mẹ Nấu,CANH CHUA CÁ DỨA MỘT NẮNG Chua Cay Ngọt Thơm Chuẩn Vị Mẹ Nấu  MÓN NGON MỖI NGÀY  VIVU TV
L26_V144,07/04/2023,SANDWICH TRỨNG CÚT MAYONNAISE,SANDWICH TRỨNG CÚT MAYONNAISE   MÓN NGON MỖI NGÀY  VIVU TV
L26_V145,01/04/2023,CANH BÍ ĐỎ HẠNH NHÂN Ngọt thanh nhẹ nhàng,CANH BÍ ĐỎ HẠNH NHÂN Ngọt thanh nhẹ nhàng  MÓN NGON MỖI NGÀY  VIVU TV
L26_V146,31/03/2023,BAO TỬ KHÌA NƯỚC DỪA Nhai giòn sần sật thích mê tơi,BAO TỬ KHÌA NƯỚC DỪA Nhai giòn sần sật thích mê tơi  MÓN NGON MỖI NGÀY  VIVU TV
L26_V147,11/03/2023,Mềm thơm đậm vị với CÀ TÍM NHỒI THỊT ÁP CHẢO,Mềm thơm đậm vị với CÀ TÍM NHỒI THỊT ÁP CHẢO  MÓN NGON MỖI NGÀY  VIVU TV
L26_V148,10/03/2023,GỎI XOÀI CÁ TRÊ Giòn Thơm Đậm Đà,GỎI XOÀI CÁ TRÊ Giòn Thơm Đậm Đà  MÓN NGON MỖI NGÀY  VIVU TV
L26_V149,04/03/2023,PANCAKE SẮC MÀU Thơm Ngọt Xốp Mềm Sắc Màu rực Rỡ,PANCAKE SẮC MÀU Thơm Ngọt Xốp Mềm Sắc Màu rực Rỡ  MÓN NGON MỖI NGÀY  VIVU TV
L26_V150,03/03/2023,Bung Tỏa Hương Thơm với MATCHA PLAN,Bung Tỏa Hương Thơm với MATCHA PLAN  MÓN NGON MỖI NGÀY  VIVU TV
L26_V151,25/02/2023,TÔM CÀNG ĐÚT LÒ Gấp Đôi Canxi Béo Thơm Hết Ý,TÔM CÀNG ĐÚT LÒ Gấp Đôi Canxi Béo Thơm Hết Ý  MÓN NGON MỖI NGÀY  VIVU TV
L26_V152,24/02/2023,CANH CUA KHỔ QUA Dân Dã Chinh Phục Bữa Cơm Ngày Thường,CANH CUA KHỔ QUA Dân Dã Chinh Phục Bữa Cơm Ngày Thường  MÓN NGON MỖI NGÀY  VIVU TV
L26_V153,18/02/2023,MỘC CỐM CHIÊN GIÒN Dẻo thơm tròn vị Dai giòn mê ly,MỘC CỐM CHIÊN GIÒN Dẻo thơm tròn vị Dai giòn mê ly  MÓN NGON MỖI NGÀY  VIVU TV
L26_V154,17/02/2023,CANH CÁ CHÉP GIÒN NẤU NGHỆ Chua Thanh Ngọt Thịt Thích Mê,CANH CÁ CHÉP GIÒN NẤU NGHỆ Chua Thanh Ngọt Thịt Thích Mê  MÓN NGON MỖI NGÀY  VIVU TV
L26_V155,11/02/2023,BÚN BẮP BÒ CẢI CHUA Nước chua thanh sợi dai dai ai cũng thích,BÚN BẮP BÒ CẢI CHUA Nước chua thanh sợi dai dai ai cũng thích  MÓN NGON MỖI NGÀY  VIVU TV
L26_V156,10/02/2023,SALAD CAM TÌNH YÊU Tươi mới diệu ngọt cho tình đầm thắm,SALAD CAM TÌNH YÊU Tươi mới diệu ngọt cho tình đầm thắm  MÓN NGON MỖI NGÀY  VIVU TV
L26_V157,09/02/2023,Tết Nguyên Tiêu bùng vị mới với NEM RÁN CHAY,Tết Nguyên Tiêu bùng vị mới với NEM RÁN CHAY  MÓN NGON MỖI NGÀY  VIVU TV
L26_V158,09/02/2023,"Giòn thơm đậm đà, chua ngọt xuýt xoa với CÁ KÈO CHIÊN MÈ","Giòn thơm đậm đà, chua ngọt xuýt xoa với CÁ KÈO CHIÊN MÈ  MÓN NGON MỖI NGÀY  VIVU TV"
L26_V159,28/01/2023,CƠM CHIÊN DƯA BÒ ĐƠN GIẢN NHƯNG NGON TUYỆT VỜI,CƠM CHIÊN DƯA BÒ ĐƠN GIẢN NHƯNG NGON TUYỆT VỜI  MÓN NGON MỖI NGÀY  VIVU TV
L26_V160,27/01/2023,SƯỜN CHIÊN LÁ LỐT VỪA GIÒN VỪA THƠM,SƯỜN CHIÊN LÁ LỐT VỪA GIÒN VỪA THƠM  MÓN NGON MỖI NGÀY  VIVU TV
L26_V161,21/01/2023,CÁ SÒNG NƯỚNG MUỐI HẠT VỊ NGON LẠ QUÁ SÁ ĐÃ,CÁ SÒNG NƯỚNG MUỐI HẠT VỊ NGON LẠ QUÁ SÁ ĐÃ  MÓN NGON MỖI NGÀY  VIVU TV
L26_V162,20/01/2023,GÀ LUỘC XÔI GẤC ĐỎ RỰC MAY MẮN ĐÓN XUÂN SANG,GÀ LUỘC XÔI GẤC ĐỎ RỰC MAY MẮN ĐÓN XUÂN SANG  MÓN NGON MỖI NGÀY  VIVU TV
L26_V163,14/01/2023,GAN XÀO LÁ CÀ RI NGON ĐẶC TRƯNG THƠM BỪNG TỪNG VỊ,GAN XÀO LÁ CÀ RI NGON ĐẶC TRƯNG THƠM BỪNG TỪNG VỊ  MÓN NGON MỖI NGÀY  VIVU TV
L26_V164,13/01/2023,LẨU COLLAGEN BÉO BÙI KHÔNG NGẤY CHỈ THẤY THÊM XINH,LẨU COLLAGEN BÉO BÙI KHÔNG NGẤY CHỈ THẤY THÊM XINH  MÓN NGON MỖI NGÀY  VIVU TV
L26_V165,07/01/2023,THỊT KHO TRỨNG MÓN ĂN TRUYỀN THỐNG,THỊT KHO TRỨNG MÓN ĂN TRUYỀN THỐNG  MÓN NGON MỖI NGÀY  VIVU TV
L26_V166,06/01/2023,LẨU CHÁO CHIM CÚT HẠT SEN,LẨU CHÁO CHIM CÚT HẠT SEN  MÓN NGON MỖI NGÀY  VIVU TV
L26_V167,31/12/2022,PANCAKE HOA CÚC,PANCAKE HOA CÚC  MÓN NGON MỖI NGÀY  VIVU TV
L26_V168,30/12/2022,CHẢ MAI CUA LÁ LỐT,CHẢ MAI CUA LÁ LỐT  MÓN NGON MỖI NGÀY  VIVU TV
L26_V169,24/12/2022,CÁ TUYẾT XỐT NAN BAN,CÁ TUYẾT XỐT NAN BAN  MÓN NGON MỖI NGÀY  VIVU TV
L26_V170,23/12/2022,CANH TÔM BÁNH GẠO,CANH TÔM BÁNH GẠO  MÓN NGON MỖI NGÀY  VIVU TV
L26_V171,03/12/2022,TRỨNG HẤP HÀU RONG BIỂN THƠM NGON MỌNG NƯỚC BÉO NGỌT TỰ NHIÊN,TRỨNG HẤP HÀU RONG BIỂN THƠM NGON MỌNG NƯỚC BÉO NGỌT TỰ NHIÊN  MÓN NGON MỖI NGÀY  VIVU TV
L26_V172,02/12/2022,XÀO LĂN CHAY THẢO MỘC,XÀO LĂN CHAY THẢO MỘC  MÓN NGON MỖI NGÀY  VIVU TV
L26_V173,26/11/2022,VỊT LỘN XÀO ME,VỊT LỘN XÀO ME  MÓN NGON MỖI NGÀY  VIVU TV
L26_V174,25/11/2022,GÀ CHIÊN XỐT TARU TARU CẮN VÀO GIÒN TAN MANG BAO CẢM XÚC,GÀ CHIÊN XỐT TARU TARU CẮN VÀO GIÒN TAN MANG BAO CẢM XÚC  MÓN NGON MỖI NGÀY  VIVU TV
L26_V175,19/11/2022,BẮP BÒ XÀO ĐẬU RỒNG,BẮP BÒ XÀO ĐẬU RỒNG  MÓN NGON MỖI NGÀY  VIVU TV
L26_V176,18/11/2022,CÁ TRẮM KHO RIỀNG ĐẬM ĐÀ ĐƯA CƠM,CÁ TRẮM KHO RIỀNG ĐẬM ĐÀ ĐƯA CƠM  MÓN NGON MỖI NGÀY  VIVU TV
L26_V177,05/11/2022,MỰC XÀO XỐT TIÊU XANH NỒNG THƠM GIÒN NGỌT,MỰC XÀO XỐT TIÊU XANH NỒNG THƠM GIÒN NGỌT  MÓN NGON MỖI NGÀY  VIVU TV
L26_V178,04/11/2022,BÁNH ÍT TRẦN MỀM MỊN DẺO DAI CÀNG NHAI CÀNG KHOÁI,BÁNH ÍT TRẦN MỀM MỊN DẺO DAI CÀNG NHAI CÀNG KHOÁI  MÓN NGON MỖI NGÀY  VIVU TV
L26_V179,29/10/2022,LẨU KIM CHI CHÂN GÀ,LẨU KIM CHI CHÂN GÀ MÓN NGON MỖI NGÀY  VIVU TV
L26_V180,28/10/2022,KHỔ QUA NHỒI NẤM KHO NƯỚC TƯƠNG,KHỔ QUA NHỒI NẤM KHO NƯỚC TƯƠNG MÓN NGON MỖI NGÀY  VIVU TV
L26_V181,22/10/2022,BÒ LÁ LỐT CHIÊN,BÒ LÁ LỐT CHIÊN  MÓN NGON MỖI NGÀY  VIVU TV
L26_V182,21/10/2022,MATCHA SỮA CACAO NGON BÁ ĐẠO KHÔNG HỀ ẢO,MATCHA SỮA CACAO NGON BÁ ĐẠO KHÔNG HỀ ẢO  MÓN NGON MỖI NGÀY  VIVU TV
L26_V183,15/10/2022,SOUP ĐUÔI BÒ CHUA CAY,SOUP ĐUÔI BÒ CHUA CAY  MÓN NGON MỖI NGÀY  VIVU TV  KHOẢNH KHẮC CUỘC ĐỜI  VIVU TV
L26_V184,08/10/2022,CÁNH GÀ CHIÊN BẮP PHÔ MAI,CÁNH GÀ CHIÊN BẮP PHÔ MAI  MÓN NGON MỖI NGÀY  VIVU TV
L26_V185,07/10/2022,LẨU CUA ĐỒNG,LẨU CUA ĐỒNG  MÓN NGON MỖI NGÀY  VIVU TV
L26_V186,01/10/2022,"LẨU CHAO MỰC SỰ KẾT HỢP MỚI LẠ, THANH TAO","LẨU CHAO MỰC SỰ KẾT HỢP MỚI LẠ, THANH TAO  MÓN NGON MỖI NGÀY  VIVU TV"
L26_V187,30/09/2022,CÁ LÓC NƯỚNG ỚT XIÊM XANH,CÁ LÓC NƯỚNG ỚT XIÊM XANH  MÓN NGON MỖI NGÀY  VIVU TV
L26_V188,24/09/2022,BÚN MẮM ĐẦM ẤM VỊ QUÊ,BÚN MẮM ĐẦM ẤM VỊ QUÊ  MÓN NGON MỖI NGÀY  VIVU TV
L26_V189,23/09/2022,GÀ ÁC TIỀM THUỐC BẮC,GÀ ÁC TIỀM THUỐC BẮC  MÓN NGON MỖI NGÀY  VIVU TV
L26_V190,17/09/2022,CÁNH GÀ NGÂM SẢ TẮC,CÁNH GÀ NGÂM SẢ TẮC  MÓN NGON MỖI NGÀY  VIVU TV
L26_V191,10/09/2022,BÁNH RÁN XÚC XÍCH BẮP VÀNG,BÁNH RÁN XÚC XÍCH BẮP VÀNG  MÓN NGON MỖI NGÀY  VIVU TV
L26_V192,09/09/2022,BÁNH KHỌT LÁ CẨM NHÂN NẤM HẠT SEN,BÁNH KHỌT LÁ CẨM NHÂN NẤM HẠT SEN  MÓN NGON MỖI NGÀY  VIVU TV
L26_V193,27/08/2022,NGHÊU NƯỚNG XỐT ME NGON MÊ SAY,NGHÊU NƯỚNG XỐT ME NGON MÊ SAY  MÓN NGON MỖI NGÀY  VIVU TV
L26_V194,26/08/2022,MĂNG TÂY CHIÊN BIA XỐT CÁ NGỪ,MĂNG TÂY CHIÊN BIA XỐT CÁ NGỪ  MÓN NGON MỖI NGÀY  VIVU TV
L26_V195,20/08/2022,MỰC ỐNG HẤP CỦ SẮN,MỰC ỐNG HẤP CỦ SẮN  MÓN NGON MỖI NGÀY  VIVU TV
L26_V196,19/08/2022,KEM VỊ TRÀ MATCHA BLENDY,KEM VỊ TRÀ MATCHA BLENDY  MÓN NGON MỖI NGÀY  VIVU TV
L26_V197,13/08/2022,BAO TỬ KHÌA XÁ XỊ,BAO TỬ KHÌA XÁ XỊ  MÓN NGON MỖI NGÀY  VIVU TV
L26_V198,06/08/2022,MÍT NON KHO NẤM NGON NHƯ Ý,MÍT NON KHO NẤM NGON NHƯ Ý  MÓN NGON MỖI NGÀY  VIVU TV
L26_V199,30/07/2022,CỐT LẾT CHIÊN XỐT HÚNG CHANH,CỐT LẾT CHIÊN XỐT HÚNG CHANH  MÓN NGON MỖI NGÀY  VIVU TV
L26_V200,29/07/2022,BÁNH RÁN TRÁI CÂY XỐP MỀM TƯƠI NGON,BÁNH RÁN TRÁI CÂY XỐP MỀM TƯƠI NGON  MÓN NGON MỖI NGÀY  VIVU TV
L26_V201,23/07/2022,CÁ THU XỐT THẢO MỘC,CÁ THU XỐT THẢO MỘC  MÓN NGON MỖI NGÀY  VIVU TV
L26_V202,22/07/2022,PANCAKE JAMBON TRỨNG CÚT,PANCAKE JAMBON TRỨNG CÚT  MÓN NGON MỖI NGÀY  VIVU TV
L26_V203,16/07/2022,BẮT VI NGON CƠM CÙNG THỊT VỊT XÀO CỦ CẢI MUỐI,BẮT VI NGON CƠM CÙNG THỊT VỊT XÀO CỦ CẢI MUỐI  MÓN NGON MỖI NGÀY  VIVU TV
L26_V204,15/07/2022,BỮA SÁNG CHẤT LƯỢNG VỚI XÔI XÁ XÍU,BỮA SÁNG CHẤT LƯỢNG VỚI XÔI XÁ XÍU  MÓN NGON MỖI NGÀY  VIVU TV
L26_V205,09/07/2022,BÒ NƯỚNG LÁ CÁCH,BÒ NƯỚNG LÁ CÁCH  MÓN NGON MỖI NGÀY  VIVU TV
L26_V206,08/07/2022,CANH CHUA ĐẦU CÁ HỒI,CANH CHUA ĐẦU CÁ HỒI  MÓN NGON MỖI NGÀY  VIVU TV
L26_V207,02/07/2022,SAKE CHIÊN GIÒN 2 VỊ,SAKE CHIÊN GIÒN 2 VỊ  MÓN NGON MỖI NGÀY  VIVU TV
L26_V208,01/07/2022,TIM HEO XÀO MĂNG TÂY,TIM HEO XÀO MĂNG TÂY  MÓN NGON MỖI NGÀY  VIVU TV
L26_V209,25/06/2022,ẾCH OM TỎI,ẾCH OM TỎI  MÓN NGON MỖI NGÀY  VIVU TV
L26_V210,24/06/2022,MÌ TRỘN XỐT MAYONNAISE,MÌ TRỘN XỐT MAYONNAISE  MÓN NGON MỖI NGÀY  VIVU TV
L26_V211,23/06/2022,CÁ CƠM THAN CHIÊN MÈ XỐT ME,CÁ CƠM THAN CHIÊN MÈ XỐT ME  MÓN NGON MỖI NGÀY  VIVU TV
L26_V212,18/06/2022,TÔM CÀNG KHO TRỨNG MUỐI,TÔM CÀNG KHO TRỨNG MUỐI  MÓN NGON MỖI NGÀY  VIVU TV
L26_V213,17/06/2022,PHỞ TRỘN,PHỞ TRỘN  MÓN NGON MỖI NGÀY  VIVU TV
L26_V214,16/06/2022,BÁNH CANH CHAY,BÁNH CANH CHAY  MÓN NGON MỖI NGÀY  VIVU TV
L26_V215,11/06/2022,LẨU VỊT HẦM SẢ,LẨU VỊT HẦM SẢ  MÓN NGON MỖI NGÀY  VIVU TV
L26_V216,10/06/2022,LƯỜN CÁ HỒI CHIÊN NƯỚC MẮM,LƯỜN CÁ HỒI CHIÊN NƯỚC MẮM  MÓN NGON MỖI NGÀY  VIVU TV
L26_V217,09/06/2022,SALAD CUA TÁO XANH,SALAD CUA TÁO XANH  MÓN NGON MỖI NGÀY  VIVU TV
L26_V218,04/06/2022,SƯỜN CHIÊN XỐT MẶN,SƯỜN CHIÊN XỐT MẶN  MÓN NGON MỖI NGÀY  VIVU TV
L26_V219,03/06/2022,CÀ RI GÀ,CÀ RI GÀ  MÓN NGON MỖI NGÀY  VIVU TV
L26_V220,02/06/2022,LẨU CÁ VIÊN NẤU SẤU,LẨU CÁ VIÊN NẤU SẤU  MÓN NGON MỖI NGÀY  VIVU TV
L26_V221,28/05/2022,DỒI TRƯỜNG HẤP HÀNH GỪNG,DỒI TRƯỜNG HẤP HÀNH GỪNG  MÓN NGON MỖI NGÀY  VIVU TV
L26_V222,27/05/2022,BẮP CẢI TÍM TRỘN TÔM,BẮP CẢI TÍM TRỘN TÔM  MÓN NGON MỖI NGÀY  VIVU TV
L26_V223,26/05/2022,CANH KHỔ QUA HẦM THỊT,CANH KHỔ QUA HẦM THỊT  MÓN NGON MỖI NGÀY  VIVU TV
L26_V224,21/05/2022,TÔM CHIÊN GIÒN XỐT TRỨNG MUỐI,TÔM CHIÊN GIÒN XỐT TRỨNG MUỐI  MÓN NGON MỖI NGÀY  VIVU TV
L26_V225,20/05/2022,SƯỜN NƯỚNG TIÊU,SƯỜN NƯỚNG TIÊU  MÓN NGON MỖI NGÀY  VIVU TV
L26_V226,19/05/2022,SANDWICH TRÁI CÂY CHIÊN GIÒN,SANDWICH TRÁI CÂY CHIÊN GIÒN  MÓN NGON MỖI NGÀY  VIVU TV
L26_V227,12/05/2022,CANH CHUA VỊ THÁI,CANH CHUA VỊ THÁI  MÓN NGON MỖI NGÀY  VIVU TV
L26_V228,07/05/2022,CUA LỘT CHIÊN GIÒN,CUA LỘT CHIÊN GIÒN  MÓN NGON MỖI NGÀY  VIVU TV
L26_V229,06/05/2022,KHAI VỊ CÁ HỒI,KHAI VỊ CÁ HỒI  MÓN NGON MỖI NGÀY  VIVU TV
L26_V230,05/05/2022,LẨU NẤM CHAY,LẨU NẤM CHAY  MÓN NGON MỖI NGÀY  VIVU TV
L26_V231,30/04/2022,CÁ HỒI CUỘN BƠ CHIÊN GIÒN,CÁ HỒI CUỘN BƠ CHIÊN GIÒN  MÓN NGON MỖI NGÀY  VIVU TV
L26_V232,29/04/2022,ỐC HƯƠNG XÀO CỦ HŨ DỪA,ỐC HƯƠNG XÀO CỦ HŨ DỪA  MÓN NGON MỖI NGÀY  VIVU TV
L26_V233,28/04/2022,PANCAKE XOÀI KEM TƯƠI,PANCAKE XOÀI KEM TƯƠI  MÓN NGON MỖI NGÀY  VIVU TV
L26_V234,23/04/2022,CÁNH GÀ CHIÊN DỪA,CÁNH GÀ CHIÊN DỪA  MÓN NGON MỖI NGÀY  VIVU TV
L26_V235,22/04/2022,BÚN SƯỜN NON NẤU CHUỐI ĐẬU,BÚN SƯỜN NON NẤU CHUỐI ĐẬU  MÓN NGON MỖI NGÀY  VIVU TV
L26_V236,09/04/2022,CANH HÀO SỮA MĂNG CHUA,CANH HÀO SỮA MĂNG CHUA  MÓN NGON MỖI NGÀY  VIVU TV
L26_V237,08/04/2022,TRỨNG CÚT XÀO CHUA NGỌT,TRỨNG CÚT XÀO CHUA NGỌT  MÓN NGON MỖI NGÀY  VIVU TV
L26_V238,07/04/2022,LẨU GÀ CHUA CAY,LẨU GÀ CHUA CAY  MÓN NGON MỖI NGÀY  VIVU TV
L26_V239,02/04/2022,SALAD TÔM THANH MÁT,SALAD TÔM THANH MÁT  MÓN NGON MỖI NGÀY  VIVU TV
L26_V240,01/04/2022,CÁ ĐIÊU HỒNG NƯỚNG RIỀNG MẺ,CÁ ĐIÊU HỒNG NƯỚNG RIỀNG MẺ  MÓN NGON MỖI NGÀY  VIVU TV
L26_V241,31/03/2022,BÒ BEEFSTEAK,BÒ BEEFSTEAK  MÓN NGON MỖI NGÀY  VIVU TV
L26_V242,26/03/2022,CHẢ CÁ THÌ LÀ,CHẢ CÁ THÌ LÀ  MÓN NGON MỖI NGÀY  VIVU TV
L26_V243,25/03/2022,BÁNH RÁN BƠ DỪA,BÁNH RÁN BƠ DỪA  MÓN NGON MỖI NGÀY  VIVU TV
L26_V244,24/03/2022,SƯỜN NẤU ĐẬU NGỰ,SƯỜN NẤU ĐẬU NGỰ  MÓN NGON MỖI NGÀY  VIVU TV
L26_V245,19/03/2022,CÁ THU CHIÊN NGHỆ,CÁ THU CHIÊN NGHỆ  MÓN NGON MỖI NGÀY  VIVU TV
L26_V246,18/03/2022,GIÒ HEO HON DỪA NƯỚC,GIÒ HEO HON DỪA NƯỚC  MÓN NGON MỖI NGÀY  VIVU TV
L26_V247,17/03/2022,ĐÙI GÀ ÁP CHẢO XỐT THƠM,ĐÙI GÀ ÁP CHẢO XỐT THƠM  MÓN NGON MỖI NGÀY  VIVU TV
L26_V248,12/03/2022,BÁNH GÀ CHIÊN XỐT MÈ,BÁNH GÀ CHIÊN XỐT MÈ  MÓN NGON MỖI NGÀY  VIVU TV
L26_V249,11/03/2022,HOÀNH THÁNH CHAY,HOÀNH THÁNH CHAY  MÓN NGON MỖI NGÀY  VIVU TV
L26_V250,10/03/2022,CANH CHUA TÔM NƯỚC TRONG,CANH CHUA TÔM NƯỚC TRONG  MÓN NGON MỖI NGÀY  VIVU TV
L26_V251,05/03/2022,CUỘN RONG BIỂN CHIÊN GIÒN,CUỘN RONG BIỂN CHIÊN GIÒN  MÓN NGON MỖI NGÀY  VIVU TV
L26_V252,04/03/2022,COOKIES BLENDY DÂU 3 MÀU,COOKIES BLENDY DÂU 3 MÀU  MÓN NGON MỖI NGÀY  VIVU TV
L26_V253,03/03/2022,CANH SƯỜN BÒ CỦ SEN,CANH SƯỜN BÒ CỦ SEN  MÓN NGON MỖI NGÀY  VIVU TV
L26_V254,26/02/2022,NGHÊU KHO TỘ,NGHÊU KHO TỘ  MÓN NGON MỖI NGÀY  VIVU TV
L26_V255,25/02/2022,ĐÙI GÀ CHIÊN CAY,ĐÙI GÀ CHIÊN CAY  MÓN NGON MỖI NGÀY  VIVU TV
L26_V256,24/02/2022,VỊT XÀO LÁ MẮC MẬT,VỊT XÀO LÁ MẮC MẬT  MÓN NGON MỖI NGÀY  VIVU TV
L26_V257,19/02/2022,SƯỜN NON XÔT GIẤM ĐỎ,SƯỜN NON XÔT GIẤM ĐỎ MÓN NGON MỖI NGÀY  VIVU TV
L26_V258,18/02/2022,CANH GIÒ HEO RAU CỦ,CANH GIÒ HEO RAU CỦ  MÓN NGON MỖI NGÀY  VIVU TV
L26_V259,17/02/2022,CHẢ TÔM NHỒI MỰC NƯỚNG,CHẢ TÔM NHỒI MỰC NƯỚNG  MÓN NGON MỖI NGÀY  VIVU TV
L26_V260,12/02/2022,BÒ KHO CHAY,BÒ KHO CHAY  MÓN NGON MỖI NGÀY  VIVU TV
L26_V261,11/02/2022,RA GU CHÂN NẤM,RA GU CHÂN NẤM  MÓN NGON MỖI NGÀY  VIVU TV
L26_V262,10/02/2022,MÌ Ý XỐT NẤM,MÌ Ý XỐT NẤM  MÓN NGON MỖI NGÀY  VIVU TV
L26_V263,09/02/2022,ẾCH KHO MĂNG LÁ QUẾ,ẾCH KHO MĂNG LÁ QUẾ  MÓN NGON MỖI NGÀY  VIVU TV
L26_V264,08/02/2022,BACON CUỘN HÀNH TÂY PHÔ MAI,BACON CUỘN HÀNH TÂY PHÔ MAI  MÓN NGON MỖI NGÀY  VIVU TV
L26_V265,07/02/2022,CÁ CƠM CHIÊN BÔNG HẸ,CÁ CƠM CHIÊN BÔNG HẸ  MÓN NGON MỖI NGÀY  VIVU TV
L26_V266,29/01/2022,CANH CÁ HỒNG,CANH CÁ HỒNG  MÓN NGON MỖI NGÀY  VIVU TV
L26_V267,28/01/2022,NỘM LƯỠI LỢN SU HÀO,NỘM LƯỠI LỢN SU HÀO  MÓN NGON MỖI NGÀY  VIVU TV
L26_V268,27/01/2022,BẮP CẢI HẤP NẤM TÔM,BẮP CẢI HẤP NẤM TÔM  MÓN NGON MỖI NGÀY  VIVU TV
L26_V269,01/01/2022,GỎI HOA CHUỐI THỊT GÀ CHAY,GỎI HOA CHUỐI THỊT GÀ CHAY  MÓN NGON MỖI NGÀY  VIVU TV
L26_V270,31/12/2021,CÁ SAPA NHỒI NGỌC KÊ NƯỚNG,CÁ SAPA NHỒI NGỌC KÊ NƯỚNG  MÓN NGON MỖI NGÀY  VIVU TV
L26_V271,30/12/2021,XÔI GÀ ĐẬU XANH,XÔI GÀ ĐẬU XANH  MÓN NGON MỖI NGÀY  VIVU TV
L26_V272,25/12/2021,ĐẬU BẮP NHỒI CHẢ CÁ CHIÊN,ĐẬU BẮP NHỒI CHẢ CÁ CHIÊN  MÓN NGON MỖI NGÀY  VIVU TV
L26_V273,24/12/2021,PANCAKE XẾP NHÂN SẦU RIÊNG,PANCAKE XẾP NHÂN SẦU RIÊNG  MÓN NGON MỖI NGÀY  VIVU TV
L26_V274,23/12/2021,CÁNH GÀ XỐT MÙ TẠT,CÁNH GÀ XỐT MÙ TẠT  MÓN NGON MỖI NGÀY  VIVU TV
L26_V275,18/12/2021,TÔM CHIÊN DỪA,TÔM CHIÊN DỪA  MÓN NGON MỖI NGÀY  VIVU TV
L26_V276,17/12/2021,KHOAI TÂY VIÊN CHIÊN XÙ,KHOAI TÂY VIÊN CHIÊN XÙ  MÓN NGON MỖI NGÀY  VIVU TV
L26_V277,11/12/2021,HỒ LÔ CÁ,HỒ LÔ CÁ  MÓN NGON MỖI NGÀY  VIVU TV
L26_V278,05/12/2021,CÁ BÓP KHO TỘ THỊT BA RỌI,CÁ BÓP KHO TỘ THỊT BA RỌI  MÓN NGON MỖI NGÀY  VIVU TV
L26_V279,04/12/2021,BÁNH RÁN SOCOLA XỐT TÁO,BÁNH RÁN SOCOLA XỐT TÁO  MÓN NGON MỖI NGÀY  VIVU TV
L26_V280,03/12/2021,TRỨNG CUỘN KIỂU NHẬT,TRỨNG CUỘN KIỂU NHẬT  MÓN NGON MỖI NGÀY  VIVU TV
L26_V281,28/11/2021,MỰC XÀO SẢ ỚT,MỰC XÀO SẢ ỚT  MÓN NGON MỖI NGÀY  VIVU TV
L26_V282,27/11/2021,CANH CHUA SƯỜN NON,CANH CHUA SƯỜN NON  MÓN NGON MỖI NGÀY  VIVU TV
L26_V283,26/11/2021,CỐT LẾT CHIÊN SẢ ỚT,CỐT LẾT CHIÊN SẢ ỚT  MÓN NGON MỖI NGÀY  VIVU TV
L26_V284,20/11/2021,CÁ NỤC XỐT THƠM,CÁ NỤC XỐT THƠM  MÓN NGON MỖI NGÀY  VIVU TV
L26_V285,19/11/2021,BÁNH GẠO XÀO CAY,BÁNH GẠO XÀO CAY  MÓN NGON MỖI NGÀY  VIVU TV
L26_V286,19/11/2021,ĐẬU HỦ NON XỐT CAY,ĐẬU HỦ NON XỐT CAY  MÓN NGON MỖI NGÀY  VIVU TV
L26_V287,14/11/2021,NGON LIÊU XIÊU VỚI HỦ TIẾU XÀO SÒ HUYẾT,NGON LIÊU XIÊU VỚI HỦ TIẾU XÀO SÒ HUYẾT  MÓN NGON MỖI NGÀY  VIVU TV
L26_V288,13/11/2021,MÁT LẠNH TỪNG GIÂY VỚI SMOOTHIE TRÀ SỮA DÂU,MÁT LẠNH TỪNG GIÂY VỚI SMOOTHIE TRÀ SỮA DÂU  MÓN NGON MỖI NGÀY  VIVU TV
L26_V289,12/11/2021,BÁNH MÌ NƯỚNG TỎI,BÁNH MÌ NƯỚNG TỎI  MÓN NGON MỖI NGÀY  VIVU TV
L26_V290,07/11/2021,CƠM CHIÊN DƯƠNG CHÂU,CƠM CHIÊN DƯƠNG CHÂU  MÓN NGON MỖI NGÀY  VIVU TV
L26_V291,06/11/2021,BÁNH RÁN NHÂN KHOAI LANG,BÁNH RÁN NHÂN KHOAI LANG  MÓN NGON MỖI NGÀY  VIVU TV
L26_V292,05/11/2021,CHẢ LỤA CHAY KHO THƠM,CHẢ LỤA CHAY KHO THƠM  MÓN NGON MỖI NGÀY  VIVU TV
L26_V293,31/10/2021,SƯỜN NON KHO CỦ SEN,SƯỜN NON KHO CỦ SEN  MÓN NGON MỖI NGÀY  VIVU TV
L26_V294,31/10/2021,LẨU XÍ QUÁCH KIM CHI,LẨU XÍ QUÁCH KIM CHI   MÓN NGON MỖI NGÀY  VIVU TV
L26_V295,30/10/2021,CÁNH GÀ CHIÊN NƯỚC MẮM,CÁNH GÀ CHIÊN NƯỚC MẮM  MÓN NGON MỖI NGÀY  VIVU TV
L26_V296,22/08/2021,BÁNH NẾP NHÂN SÒ ĐIỆP,BÁNH NẾP NHÂN SÒ ĐIỆP  MÓN NGON MỖI NGÀY  VIVU TV
L26_V297,21/08/2021,PANCAKE HẠNH NHÂN ĐẬU ĐỎ,PANCAKE HẠNH NHÂN ĐẬU ĐỎ  MÓN NGON MỖI NGÀY  VIVU TV
L26_V298,20/08/2021,SALAD TRÁI THƠM MAYO,SALAD TRÁI THƠM MAYO  MÓN NGON MỖI NGÀY  VIVU TV
L26_V299,14/08/2021,GÀ HẤP LÁ É,GÀ HẤP LÁ É  MÓN NGON MỖI NGÀY  VIVU TV
L26_V300,08/08/2021,CANH CHẢ TÔM CHÙM NGÂY,CANH CHẢ TÔM CHÙM NGÂY  MÓN NGON MỖI NGÀY  VIVU TV
L26_V301,07/08/2021,SALAD MỰC PHỔ TAI,SALAD MỰC PHỔ TAI  MÓN NGON MỖI NGÀY  VIVU TV
L26_V302,06/08/2021,BÁNH RÁN TRỨNG PHÔ MAI,BÁNH RÁN TRỨNG PHÔ MAI  MÓN NGON MỖI NGÀY  VIVU TV
L26_V303,01/08/2021,RAU CỦ XÀO ĐẬU HỦ XỐT MÈ,RAU CỦ XÀO ĐẬU HỦ XỐT MÈ MÓN NGON MỖI NGÀY  VIVU TV
L26_V304,31/07/2021,SALAD MÙA HÈ,SALAD MÙA HÈ  MÓN NGON MỖI NGÀY  VIVU TV
L26_V305,30/07/2021,LẨU BÒ VỊ THÁI,LẨU BÒ VỊ THÁI  MÓN NGON MỖI NGÀY  VIVU TV
L26_V306,25/07/2021,CÁ TRỨNG CHẤM TƯƠNG ME GIÒN THƠM BẮT VỊ,CÁ TRỨNG CHẤM TƯƠNG ME GIÒN THƠM BẮT VỊ  MÓN NGON MỖI NGÀY  VIVU TV
L26_V307,24/07/2021,MÌ CĂN KHO NẤM-CHÁO LÁ DỨA SÁNH BÙI THƠM NGÁT,MÌ CĂN KHO NẤM-CHÁO LÁ DỨA SÁNH BÙI THƠM NGÁT  MÓN NGON MỖI NGÀY  VIVU TV
L26_V308,23/07/2021,MƯỚP XÀO ĐẬU PHỘNG,MƯỚP XÀO ĐẬU PHỘNG  MÓN NGON MỖI NGÀY  VIVU TV
L26_V309,18/07/2021,TẬN HƯỞNG VỊ NGỌT NGÀO VỚI TRÀ SỮA HẠT É SƯƠNG SÂM,TẬN HƯỞNG VỊ NGỌT NGÀO VỚI TRÀ SỮA HẠT É SƯƠNG SÂM  MÓN NGON MỖI NGÀY  VIVU TV
L26_V310,17/07/2021,NÓNG GIÒN CÙNG BÁNH MÌ KẸP CÁ CHIÊN XÙ,NÓNG GIÒN CÙNG BÁNH MÌ KẸP CÁ CHIÊN XÙ  MÓN NGON MỖI NGÀY  VIVU TV
L26_V311,16/07/2021,CÁ HỒI NƯỚNG TẮC MẬT ONG_THƠM LÙNG BỪNG GIAN BẾP,CÁ HỒI NƯỚNG TẮC MẬT ONG_THƠM LÙNG BỪNG GIAN BẾP  MÓN NGON MỖI NGÀY  VIVU TV
L26_V312,11/07/2021,DỒI ỐC LÁ TRÚC_HƯƠNG VẤN VƯƠNG VỊ NHỚ THƯƠNG,DỒI ỐC LÁ TRÚC_HƯƠNG VẤN VƯƠNG VỊ NHỚ THƯƠNG  MÓN NGON MỖI NGÀY  VIVU TV
L26_V313,10/07/2021,NGỌT GIÒN NGON CHẤT NGẤT VỚI MĂNG TÂY XÀO TÔM MỰC,NGỌT GIÒN NGON CHẤT NGẤT VỚI MĂNG TÂY XÀO TÔM MỰC  MÓN NGON MỖI NGÀY  VIVU TV
L26_V314,09/07/2021,LƯƠN KHO CÀ TÍM,LƯƠN KHO CÀ TÍM  MÓN NGON MỖI NGÀY  VIVU TV
L26_V315,04/07/2021,CANH GÀ LÁ ME_CHUA THANH BẮT VỊ,CANH GÀ LÁ ME_CHUA THANH BẮT VỊ  MÓN NGON MỖI NGÀY  VIVU TV
L26_V316,03/07/2021,SALAD BẮP TÔM_ÔM TRỌN VỊ NGON,SALAD BẮP TÔM_ÔM TRỌN VỊ NGON  MÓN NGON MỖI NGÀY  VIVU TV
L26_V317,02/07/2021,CHÂN GÀ TIỀM ĐẬU ĐEN,CHÂN GÀ TIỀM ĐẬU ĐEN  MÓN NGON MỖI NGÀY  VIVU TV
L26_V318,27/06/2021,SANDWICH NƯỚNG TRỨNG XỐT MAYONNAISE NÓNG GIÒN BỔ DƯỠNG,SANDWICH NƯỚNG TRỨNG XỐT MAYONNAISE NÓNG GIÒN BỔ DƯỠNG  MÓN NGON MỖI NGÀY  VIVU TV
L26_V319,26/06/2021,GIÒN THƠM VỚI HOÀNH THÁNH BẮP CHIÊN,GIÒN THƠM VỚI HOÀNH THÁNH BẮP CHIÊN  MÓN NGON MỖI NGÀY  VIVU TV
L26_V320,25/06/2021,KHUẤY ĐỘNG MÙA HÈ VƠI MÓN BÚN QUẬY,KHUẤY ĐỘNG MÙA HÈ VƠI MÓN BÚN QUẬY  MÓN NGON MỖI NGÀY  VIVU TV
L26_V321,20/06/2021,THƠM NGON LẠ MIỆNG VỚI TÔM THỊT BỌC TRỨNG CÚT,THƠM NGON LẠ MIỆNG VỚI TÔM THỊT BỌC TRỨNG CÚT MÓN NGON MỖI NGÀY  VIVU TV
L26_V322,19/06/2021,SÚP THANH CUA HẠT CHIA,SÚP THANH CUA HẠT CHIA  MÓN NGON MỖI NGÀY  VIVU TV
L26_V323,18/06/2021,BÁNH TRỨNG PHÔ MAI RAU CỦ BÉO NGẬY GIÒN THƠM,BÁNH TRỨNG PHÔ MAI RAU CỦ BÉO NGẬY GIÒN THƠM  MÓN NGON MỖI NGÀY  VIVU TV
L26_V324,13/06/2021,HOÀNH THÁNH HOA HỒNG,HOÀNH THÁNH HOA HỒNG  MÓN NGON MỖI NGÀY  VIVU TV
L26_V325,12/06/2021,NGON NGẤT NGÂY VỚI CHẢ KHOANH HÀNH TÂY,NGON NGẤT NGÂY VỚI CHẢ KHOANH HÀNH TÂY  MÓN NGON MỖI NGÀY  VIVU TV
L26_V326,11/06/2021,VỊT OM NƯỚC TƯƠNG HƯƠNG ĐẬM ĐÀ VỊ VẤN VƯƠNG,VỊT OM NƯỚC TƯƠNG HƯƠNG ĐẬM ĐÀ VỊ VẤN VƯƠNG  MÓN NGON MỖI NGÀY  VIVU TV
L26_V327,06/06/2021,CANH ĐẦU CÁ BỚP_TƯƠI NGON CỰC ĐÃ,CANH ĐẦU CÁ BỚP_TƯƠI NGON CỰC ĐÃ  MÓN NGON MỖI NGÀY  VIVU TV
L26_V328,05/06/2021,SALAD CẦU VỒNG NGÀY HÈ_MÁT BỪNG SỨC SỐNG,SALAD CẦU VỒNG NGÀY HÈ_MÁT BỪNG SỨC SỐNG  MÓN NGON MỖI NGÀY  VIVU TV
L26_V329,04/06/2021,NUI XÀO CHAY THẬP CẨM_ĐỔI VỊ CƠM NHÀ,NUI XÀO CHAY THẬP CẨM_ĐỔI VỊ CƠM NHÀ  MÓN NGON MỖI NGÀY  VIVU TV
L26_V330,30/05/2021,ĐẬU COVE XÀO TIM HEO,ĐẬU COVE XÀO TIM HEO  MÓN NGON MỖI NGÀY  VIVU TV
L26_V331,29/05/2021,PANCAKE SUSHI _BÉO THƠM DIỆU KỲ,PANCAKE SUSHI _BÉO THƠM DIỆU KỲ  MÓN NGON MỖI NGÀY  VIVU TV
L26_V332,28/05/2021,CANH GÀ NẤM MỠ,CANH GÀ NẤM MỠ  MÓN NGON MỖI NGÀY  VIVU TV
L26_V333,23/05/2021,CƠM CHIÊN THẬP CẨM_ ĐẬM VỊ THƠM HƯƠNG,CƠM CHIÊN THẬP CẨM_ ĐẬM VỊ THƠM HƯƠNG MÓN NGON MỖI NGÀY  VIVU TV
L26_V334,22/05/2021,GỎI CÓC TAI HEO_GIÒN RỤM CHUA CHUA,GỎI CÓC TAI HEO_GIÒN RỤM CHUA CHUA  MÓN NGON MỖI NGÀY  VIVU TV
L26_V335,21/05/2021,CỒI SÒ ĐIỆP XÀO HOA THIÊN LÝ NGỌT THANH ĐÚNG Ý,CỒI SÒ ĐIỆP XÀO HOA THIÊN LÝ NGỌT THANH ĐÚNG Ý  MÓN NGON MỖI NGÀY  VIVU TV
L26_V336,16/05/2021,LƯỠI HEO TRỘN KIỆU CHUA_XUA TAN HÈ NẮNG ĐẬM ĐÀ ĐƯA CƠM,LƯỠI HEO TRỘN KIỆU CHUA_XUA TAN HÈ NẮNG ĐẬM ĐÀ ĐƯA CƠM  MÓN NGON MỖI NGÀY  VIVU TV
L26_V337,15/05/2021,PANCAKE TÔM PHÔ MAI BÉO THƠM NGẬP TRÀN,PANCAKE TÔM PHÔ MAI BÉO THƠM NGẬP TRÀN  MÓN NGON MỖI NGÀY  VIVU TV
L26_V338,14/05/2021,MẸT HẢI SẢN CHẤM MUỐI NGÒ GAI,MẸT HẢI SẢN CHẤM MUỐI NGÒ GAI  MÓN NGON MỖI NGÀY  VIVU TV
L26_V339,09/05/2021,CHẢ GIÒ NẤM CÁ CHẼM_GIÒN TAN NGỌT VỊ,CHẢ GIÒ NẤM CÁ CHẼM_GIÒN TAN NGỌT VỊ MÓN NGON MỖI NGÀY  VIVU TV
L26_V340,08/05/2021,BÚN GÂN BÒ_ĂN LÀ GHIỀN,BÚN GÂN BÒ_ĂN LÀ GHIỀN  MÓN NGON MỖI NGÀY  VIVU TV
L26_V341,07/05/2021,RAU CỦ XÀO XỐT CHAY_NGON NGỌT NGẤT NGÂY,RAU CỦ XÀO XỐT CHAY_NGON NGỌT NGẤT NGÂY  MÓN NGON MỖI NGÀY  VIVU TV
L26_V342,02/05/2021,CHÁO HẠT SEN NẤU BÒ VIÊN_VỊ NGON VẸN TOÀN,CHÁO HẠT SEN NẤU BÒ VIÊN_VỊ NGON VẸN TOÀN  MÓN NGON MỖI NGÀY  VIVU TV
L26_V343,01/05/2021,ĐẬM ĐÀ MÊ ĐẮM VỚI DÊ XÀO TÍA TÔ CÀ BÁT,ĐẬM ĐÀ MÊ ĐẮM VỚI DÊ XÀO TÍA TÔ CÀ BÁT   MÓN NGON MỖI NGÀY  VIVU TV
L26_V344,30/04/2021,HEO NƯỚNG HÀN QUỐC_VỊ ĐẬM ĐÀ ĂN THẬT ĐÃ,HEO NƯỚNG HÀN QUỐC_VỊ ĐẬM ĐÀ ĂN THẬT ĐÃ   MÓN NGON MỖI NGÀY  VIVU TV
L26_V345,25/04/2021,THỊT BÒ NƯỚNG MÈ KIỂU HÀN QUỐC_THƠM SAY LÒNG NGƯỜI,THỊT BÒ NƯỚNG MÈ KIỂU HÀN QUỐC_THƠM SAY LÒNG NGƯỜI   MÓN NGON MỖI NGÀY  VIVU TV
L26_V346,24/04/2021,GỎI RAU MẦM TÔM MỰC_THANH MÁT MÙA NẮNG,GỎI RAU MẦM TÔM MỰC_THANH MÁT MÙA NẮNG   MÓN NGON MỖI NGÀY  VIVU TV
L26_V347,23/04/2021,CUỐN CHẢ CHAY_MÓN NGON CHO NGÀY RẰM,CUỐN CHẢ CHAY_MÓN NGON CHO NGÀY RẰM  MÓN NGON MỖI NGÀY  VIVU TV
L26_V348,18/04/2021,CHẢ CỐM TẠO HÌNH ÔM TRỌN VỊ NGON,CHẢ CỐM TẠO HÌNH ÔM TRỌN VỊ NGON  MÓN NGON MỖI NGÀY  VIVU TV
L26_V349,17/04/2021,GÀ CHIÊN XÁ XỊ_GIÒN TAN MANG VI MỚI,GÀ CHIÊN XÁ XỊ_GIÒN TAN MANG VI MỚI  MÓN NGON MỖI NGÀY  VIVU TV
L26_V350,16/04/2021,THƠM NGON ĐẬM ĐÀ VỚI SALAD BÍ ĐỎ,THƠM NGON ĐẬM ĐÀ VỚI SALAD BÍ ĐỎ  MÓN NGON MỖI NGÀY  VIVU TV
L26_V351,10/04/2021,BÁNH NẾP NHÂN SÒ ĐIỆP GÓI TRỌN TINH HOA,BÁNH NẾP NHÂN SÒ ĐIỆP GÓI TRỌN TINH HOA   MÓN NGON MỖI NGÀY  VIVU TV
L26_V352,09/04/2021,BA RỌI TẨM TRỨNG CHIÊN GIÒN,BA RỌI TẨM TRỨNG CHIÊN GIÒN   MÓN NGON MỖI NGÀY  VIVU TV
L26_V353,08/04/2021,GÀ RIM NGŨ VỊ ĐẬM ĐÀ HẾT Ý,GÀ RIM NGŨ VỊ ĐẬM ĐÀ HẾT Ý   MÓN NGON MỖI NGÀY  VIVU TV
L26_V354,04/04/2021,CÁNH GÀ CHIÊN TỎI LÁ CHANH,CÁNH GÀ CHIÊN TỎI LÁ CHANH   MÓN NGON MỖI NGÀY  VIVU TV
L26_V355,03/04/2021,TRÀ SỮA GẠO RANG THẠCH MATCHA,TRÀ SỮA GẠO RANG THẠCH MATCHA   MÓN NGON MỖI NGÀY  VIVU TV
L26_V356,02/04/2021,HẢI SÂM XÀO XỐT CAY_NGON NGẤT NGÂY,HẢI SÂM XÀO XỐT CAY_NGON NGẤT NGÂY  MÓN NGON MỖI NGÀY  VIVU TV
L26_V357,28/03/2021,BẮP BÒ OM GỪNG SẢ_THƠM LỪNG BỪNG VỊ GIÁC,BẮP BÒ OM GỪNG SẢ_THƠM LỪNG BỪNG VỊ GIÁC  MÓN NGON MỖI NGÀY  VIVU TV
L26_V358,27/03/2021,MỰC NHỒI TÔM SỐT TIÊU XANH_HƯƠNG THƠM NỒNG VI ẤM LÒNG,MỰC NHỒI TÔM SỐT TIÊU XANH_HƯƠNG THƠM NỒNG VI ẤM LÒNG  MÓN NGON MỖI NGÀY  VIVU TV
L26_V359,25/03/2021,ỐC XÀO TIÊU XANH_GIÒN CAY MÊ SAY,ỐC XÀO TIÊU XANH_GIÒN CAY MÊ SAY  MÓN NGON MỖI NGÀY  VIVU TV
L26_V360,21/03/2021,CÁ CHIM NƯỚNG ỚT XIÊM_VỊ ĐẬM ĐÀ TỎA HƯƠNG XA,CÁ CHIM NƯỚNG ỚT XIÊM_VỊ ĐẬM ĐÀ TỎA HƯƠNG XA  MÓN NGON MỖI NGÀY  VIVU TV
L26_V361,20/03/2021,CHÂN GIÒ OM SẤU_NẤU LÀ NGON ĂN LÀ MÊ,CHÂN GIÒ OM SẤU_NẤU LÀ NGON ĂN LÀ MÊ  MÓN NGON MỖI NGÀY  VIVU TV
L26_V362,19/03/2021,PHÁ CÁCH VỚI TÔM CHIÊN DỪA SỐT BẠC HÀ,PHÁ CÁCH VỚI TÔM CHIÊN DỪA SỐT BẠC HÀ  MÓN NGON MỖI NGÀY  VIVU TV
L26_V363,17/03/2021,NGỌT NGÀO MÊ LY VỚI TRÀ SỮA ROYAL COOKIES,NGỌT NGÀO MÊ LY VỚI TRÀ SỮA ROYAL COOKIES  MÓN NGON MỖI NGÀY  VIVU TV
L26_V364,13/03/2021,CANH CÁ HANH VỊ THÁI-CHUA NGỌT NGON CƠM,CANH CÁ HANH VỊ THÁI-CHUA NGỌT NGON CƠM  MÓN NGON MỖI NGÀY  VIVU TV
L26_V365,11/03/2021,RONG BIỂN CUỘN NẤM KIM CHÂM,RONG BIỂN CUỘN NẤM KIM CHÂM  MÓN NGON MỖI NGÀY  VIVU TV
L26_V366,09/03/2021,MÁT GIÒN TRỌN VỊ VỚI SALAD GÀ NƯỚNG,MÁT GIÒN TRỌN VỊ VỚI SALAD GÀ NƯỚNG  MÓN NGON MỖI NGÀY  VIVU TV
L26_V367,05/03/2021,SƯỜN NON XÀO CHANH SẢ _LẠ MÀ NGON ĂN LÀ THÍCH,SƯỜN NON XÀO CHANH SẢ _LẠ MÀ NGON ĂN LÀ THÍCH  MÓN NGON MỖI NGÀY  VIVU TV
L26_V368,04/03/2021,TAN CHẢY VỚI TRỨNG LÒNG ĐÀO BỌC THỊT,TAN CHẢY VỚI TRỨNG LÒNG ĐÀO BỌC THỊT  MÓN NGON MỖI NGÀY  VIVU TV
L26_V369,27/02/2021,NGỌT THANH VỚI CANH CỦ SEN RONG BIỂN,NGỌT THANH VỚI CANH CỦ SEN RONG BIỂN  MÓN NGON MỖI NGÀY  VIVU TV
L26_V370,26/02/2021,NGON NGỌT VỚI BÁN TÔM HẸ CHIÊN GIÒN,NGON NGỌT VỚI BÁN TÔM HẸ CHIÊN GIÒN  MÓN NGON MỖI NGÀY  VIVU TV
L26_V371,25/02/2021,CÁ CHẼM CHIÊN HẠNH NHÂN NHÌN LÀ MÊ ĂN LÀ GHIỀN,CÁ CHẼM CHIÊN HẠNH NHÂN NHÌN LÀ MÊ ĂN LÀ GHIỀN  MÓN NGON MỖI NGÀY  VIVU TV
L26_V372,20/02/2021,GÀ XÀO NẤM_NGON ĐẮM SAY ĂN MÊ NGAY,GÀ XÀO NẤM_NGON ĐẮM SAY ĂN MÊ NGAY  MÓN NGON MỖI NGÀY  VIVU TV
L26_V373,19/02/2021,BÁNH RÁN THỊT NGUỘI PATE CHO BUỔI SÁNG THÊM NGON,BÁNH RÁN THỊT NGUỘI PATE CHO BUỔI SÁNG THÊM NGON  MÓN NGON MỖI NGÀY  VIVU TV
L26_V374,18/02/2021,CHUỐI ĐẬU KHO TƯƠNG SẢ_MÓN LẠ DỄ MÊ,CHUỐI ĐẬU KHO TƯƠNG SẢ_MÓN LẠ DỄ MÊ  MÓN NGON MỖI NGÀY  VIVU TV
L26_V375,13/02/2021,SALAD CAM CÁ HỒI_THĂNG HOA VỊ GIÁC THÊM VỊ NGÀY YÊU,SALAD CAM CÁ HỒI_THĂNG HOA VỊ GIÁC THÊM VỊ NGÀY YÊU  MÓN NGON MỖI NGÀY  VIVU TV
L26_V376,12/02/2021,CÁ CHIÊN XÓC TỎI ĂN MIẾNG NÀO MÊ MIẾNG ĐÓ,CÁ CHIÊN XÓC TỎI ĂN MIẾNG NÀO MÊ MIẾNG ĐÓ  MÓN NGON MỖI NGÀY  VIVU TV
L26_V377,11/02/2021,PANCAKE BÒ BẦM_MỀM THƠM CHO NGÀY MỚI,PANCAKE BÒ BẦM_MỀM THƠM CHO NGÀY MỚI  MÓN NGON MỖI NGÀY  VIVU TV
L26_V378,06/02/2021,PHỞ CUỐN CHẢ CHIÊN TUÔN TRÀO VỊ NGON,PHỞ CUỐN CHẢ CHIÊN TUÔN TRÀO VỊ NGON  MÓN NGON MỖI NGÀY  VIVU TV
L26_V379,05/02/2021,BÍ ĐỎ HẤP HẠT SEN VẸN TRÒN VỊ KHAI XUÂN,BÍ ĐỎ HẤP HẠT SEN VẸN TRÒN VỊ KHAI XUÂN  MÓN NGON MỖI NGÀY  VIVU TV
L26_V380,04/02/2021,THANH NGỌT VỚI CANH SƯỜN MÍT NON TRÁI VẢ,THANH NGỌT VỚI CANH SƯỜN MÍT NON TRÁI VẢ  MÓN NGON MỖI NGÀY  VIVU TV
L26_V381,30/01/2021,SALAD TRÁI THƠM MAYO_CHUA NGỌT HÀI HÒA,SALAD TRÁI THƠM MAYO_CHUA NGỌT HÀI HÒA  MÓN NGON MỖI NGÀY  VIVU TV
L26_V382,30/01/2021,TAI HEO NGÂM CHUA NGỌT GIÒN NGON KHÓ CƯỠNG,TAI HEO NGÂM CHUA NGỌT GIÒN NGON KHÓ CƯỠNG  MÓN NGON MỖI NGÀY  VIVU TV
L26_V383,30/01/2021,CƠM TÍM GÀ KHÌA DẺO BÙI NGẤT NGÂY,CƠM TÍM GÀ KHÌA DẺO BÙI NGẤT NGÂY  MÓN NGON MỖI NGÀY  VIVU TV
L26_V384,26/01/2021,CÁ ĐIÊU HỒNG NGŨ VỊ NƯỚNG XỐT THƠM VỊ NGON KHÓ CƯỠNG,CÁ ĐIÊU HỒNG NGŨ VỊ NƯỚNG XỐT THƠM VỊ NGON KHÓ CƯỠNG  MÓN NGON MỖI NGÀY  VIVU TV
L26_V385,23/01/2021,GỎI CUỐN CHAY CHẤM XỐT ĐẬU PHỘNG MÁT GIÒN THƠM NGẬY,GỎI CUỐN CHAY CHẤM XỐT ĐẬU PHỘNG MÁT GIÒN THƠM NGẬY  MÓN NGON MỖI NGÀY  VIVU TV
L26_V386,22/01/2021,CÀ TÍM KHO NẤM THỊT BĂM ĐẬM ĐÀ ĐƯA CƠM,CÀ TÍM KHO NẤM THỊT BĂM ĐẬM ĐÀ ĐƯA CƠM  MÓN NGON MỖI NGÀY  VIVU TV
L26_V387,21/01/2021,DƯA CHUỘT NGÂM DẤM THƠM NGON MỘC MẠC,DƯA CHUỘT NGÂM DẤM THƠM NGON MỘC MẠC  MÓN NGON MỖI NGÀY  VIVU TV
L26_V388,16/01/2021,VƯƠNG GIẢ KHAI XUÂN VỚI BURGER CUA LỘT,VƯƠNG GIẢ KHAI XUÂN VỚI BURGER CUA LỘT  MÓN NGON MỖI NGÀY  VIVU TV
L26_V389,15/01/2021,NGON LẠ MIỆNG ĐẬM VỊ QUÊ NHÀ VỚI BÚN GÀ XÁO SẢ,NGON LẠ MIỆNG ĐẬM VỊ QUÊ NHÀ VỚI BÚN GÀ XÁO SẢ  MÓN NGON MỖI NGÀY  VIVU TV
L26_V390,09/01/2021,NUI NẤU BÒ CAY_ĂN MÊ NGẤT NGÂY,NUI NẤU BÒ CAY_ĂN MÊ NGẤT NGÂY  MÓN NGON MỖI NGÀY  VIVU TV
L26_V391,08/01/2021,GÀ XỐT MẬT ONG MÙ TẠT NGỌT THƠM TUYỆT HẢO,GÀ XỐT MẬT ONG MÙ TẠT NGỌT THƠM TUYỆT HẢO  MÓN NGON MỖI NGÀY  VIVU TV
L26_V392,07/01/2021,CÁ KÈO CHIÊN XỐT CHANH DÂY,CÁ KÈO CHIÊN XỐT CHANH DÂY  MÓN NGON MỖI NGÀY  VIVU TV
L26_V393,02/01/2021,ĐẬM ĐÀ MÊ MẪN VỚI CÁ TRÊ KHO GỪNG NGHỆ,ĐẬM ĐÀ MÊ MẪN VỚI CÁ TRÊ KHO GỪNG NGHỆ  MÓN NGON MỖI NGÀY  VIVU TV
L26_V394,01/01/2021,BÁNH TÔM CHIÊN CỦ SẮN,BÁNH TÔM CHIÊN CỦ SẮN  MÓN NGON MỖI NGÀY  VIVU TV
L26_V395,31/12/2020,BÚN THÁI_ĐÓN NĂM MỚI VỚI VỊ NGON TÊ TÁI,BÚN THÁI_ĐÓN NĂM MỚI VỚI VỊ NGON TÊ TÁI  MÓN NGON MỖI NGÀY  VIVU TV
L26_V396,26/12/2020,THÊM NĂNG LƯỢNG VÀ ĐẦY DINH DƯỠNG VỚI CHÁO NGƯU BÀNG HẢI SẢN,THÊM NĂNG LƯỢNG VÀ ĐẦY DINH DƯỠNG VỚI CHÁO NGƯU BÀNG HẢI SẢN  MÓN NGON MỖI NGÀY  VIVU TV
L26_V397,24/12/2020,CÁ DIÊU HỒNG CUỐN DƯA KIỆU THƠM NGON MỸ MIỀU,CÁ DIÊU HỒNG CUỐN DƯA KIỆU THƠM NGON MỸ MIỀU  MÓN NGON MỖI NGÀY  VIVU TV
L26_V398,19/12/2020,KHAI VỊ GIÁNG SINH VỚI SALAD MỰC ỐNG RONG BIỂN,KHAI VỊ GIÁNG SINH VỚI SALAD MỰC ỐNG RONG BIỂN  MÓN NGON MỖI NGÀY  VIVU TV
L26_V399,18/12/2020,NGON GIÒN ĐẬM ĐÀ_BÁNH MÌ THỊT NƯỚNG SẢ MAYO,NGON GIÒN ĐẬM ĐÀ_BÁNH MÌ THỊT NƯỚNG SẢ MAYO  MÓN NGON MỖI NGÀY  VIVU TV
L26_V400,17/12/2020,PANCAKE SOCOLA CHO ĐÊM GIÁNG SINH LUNG LINH,PANCAKE SOCOLA CHO ĐÊM GIÁNG SINH LUNG LINH  MÓN NGON MỖI NGÀY  VIVU TV
L26_V401,12/12/2020,SANDWICH KẸP CHẢ TÔM CHO BUỔI SÁNG ĐẦY NĂNG LƯỢNG,SANDWICH KẸP CHẢ TÔM CHO BUỔI SÁNG ĐẦY NĂNG LƯỢNG  MÓN NGON MỖI NGÀY  VIVU TV
L26_V402,11/12/2020,ẨM THỰC ĐỒNG QUÊ VỚI LẨU CÁ LĂNG BÔNG SO ĐŨA,ẨM THỰC ĐỒNG QUÊ VỚI LẨU CÁ LĂNG BÔNG SO ĐŨA  MÓN NGON MỖI NGÀY  VIVU TV
L26_V403,10/12/2020,THƠM LỪNG MÓN GÀ HẤP LÁ É,THƠM LỪNG MÓN GÀ HẤP LÁ É  MÓN NGON MỖI NGÀY  VIVU TV
L26_V404,05/12/2020,CANH CÁ BỐNG MÚ,CANH CÁ BỐNG MÚ  MÓN NGON MỖI NGÀY  VIVU TV 06122020
L26_V405,04/12/2020,GÀ XÀO VỊ THÁI,GÀ XÀO VỊ THÁI  MÓN NGON MỖI NGÀY  VIVU TV 05122020
L26_V406,03/12/2020,BURGER CÁ HỒI,BURGER CÁ HỒI  MÓN NGON MỖI NGÀY  VIVU TV 04122020
L26_V407,28/11/2020,PANCAKE HẠNH NHÂN ĐẬU ĐỎ,PANCAKE HẠNH NHÂN ĐẬU ĐỎ  MÓN NGON MỖI NGÀY  VIVU TV 29112020
L26_V408,27/11/2020,MỲ EFU XÀO NẤM TRÀ,MỲ EFU XÀO NẤM TRÀ  MÓN NGON MỖI NGÀY  VIVU TV 28112020
L26_V409,26/11/2020,BẦU XÀO NGHÊU,BẦU XÀO NGHÊU  MÓN NGON MỖI NGÀY  VIVU TV 27112020
L26_V410,21/11/2020,CANH GÂN BÒ CHUA CAY,CANH GÂN BÒ CHUA CAY  MÓN NGON MỖI NGÀY  VIVU TV 22112020
L26_V411,20/11/2020,LẨU CHÁO CÁ ÁM MIỀN BẮC,LẨU CHÁO CÁ ÁM MIỀN BẮC  MÓN NGON MỖI NGÀY  VIVU TV 21112020
L26_V412,19/11/2020,CUA LỘT CHIÊN XỐT THÁI,CUA LỘT CHIÊN XỐT THÁI  MÓN NGON MỖI NGÀY  VIVU TV  20112020
L26_V413,16/11/2020,GÀ CHIÊN MÈ XỐT CHANH MUỐI MAYO,GÀ CHIÊN MÈ XỐT CHANH MUỐI MAYO  MÓN NGON MỖI NGÀY  VIVU TV
L26_V414,15/11/2020,CANH TÔM RAU CẦN NƯỚC,CANH TÔM RAU CẦN NƯỚC  MÓN NGON MỖI NGÀY  VIVU TV
L26_V415,12/11/2020,CÁCH LÀM MÓN GỎI BỐN MÙA,CÁCH LÀM MÓN GỎI BỐN MÙA  MÓN NGON MỖI NGÀY  VIVU TV
L26_V416,07/11/2020,BÁNH CÁ KHOAI TÂY,BÁNH CÁ KHOAI TÂY  MÓN NGON MỖI NGÀY  VIVU TV 08112020
L26_V418,05/11/2020,RUỐC BIỂN CHIÊN LÁ QUẾ,RUỐC BIỂN CHIÊN LÁ QUẾ  MÓN NGON MỖI NGÀY  VIVU TV 06112020
L26_V419,31/10/2020,BÁNH RÁN CAM MẬT ONG,BÁNH RÁN CAM MẬT ONG  MÓN NGON MỖI NGÀY  VIVU  01112020
L26_V420,30/10/2020,CANH MỌC BÍ NGÒI,CANH MỌC BÍ NGÒI  MÓN NGON MỖI NGÀY  VIVU TV 31102020
L26_V421,29/10/2020,NẤM KHO TỘ,NẤM KHO TỘ  MÓN NGON MỖI NGÀY  VIVU TV 30102020
L26_V422,03/10/2020,CƠM CHANH ẤN ĐỘ,CƠM CHANH ẤN ĐỘ  MÓN NGON MỖI NGÀY  VIVU TV  04102020
L26_V423,02/10/2020,CÁ KÈO NƯỚNG MUỐI ỚT,CÁ KÈO NƯỚNG MUỐI ỚT  MÓN NGON MỖI NGÀY  VIVU TV 03102020
L26_V424,01/10/2020,SÚP MĂNG VỊT CHUA CAY,SÚP MĂNG VỊT CHUA CAY  MÓN NGON MỖI NGÀY  VIVU TV 02102020
L26_V425,26/09/2020,CÁ HỒI SAKE CHIÊN GIÒN,CÁ HỒI SAKE CHIÊN GIÒN  MÓN NGON MỖI NGÀY  VIVU TV 27092020
L26_V426,25/09/2020,CANH CÁ RÔ BÔNG SÚNG,CANH CÁ RÔ BÔNG SÚNG  MÓN NGON MỖI NGÀY  VIVU TV 26092020
L26_V427,24/09/2020,SUP TÔM MĂNG TÂY VỊ LẨU THÁI,SUP TÔM MĂNG TÂY VỊ LẨU THÁI  MÓN NGON MỖI NGÀY  VIVU TV 25092020
L26_V428,19/09/2020,BÁNH MÌ QUE XỐT THỊT CAY MAYO,BÁNH MÌ QUE XỐT THỊT CAY MAYO  MÓN NGON MỖI NGÀY  VIVU TV 20092020
L26_V429,18/09/2020,CÁ HẤP TÀU XÌ,CÁ HẤP TÀU XÌ   MÓN NGON MỖI NGÀY  VIVU TV 19092020
L26_V430,17/09/2020,PANCAKE LÁ DỨA,PANCAKE LÁ DỨA  MÓN NGON MỖI NGÀY  VIVU TV 18092020
L26_V431,12/09/2020,ĐẬU HỦ UM NƯỚC CỐT DỪA,ĐẬU HỦ UM NƯỚC CỐT DỪA  MÓN NGON MỖI NGÀY  VIVU TV 13092020
L26_V432,11/09/2020,LƯƠN NƯỚNG SẢ,LƯƠN NƯỚNG SẢ   MÓN NGON MỖI NGÀY  VIVU TV 12092020
L26_V433,10/09/2020,SÚP HOÀNH THÁNH,SÚP HOÀNH THÁNH  MÓN NGON MỖI NGÀY  VIVU TV 11092020
L26_V434,05/09/2020,JAMBON CUỘN THANH CUA,JAMBON CUỘN THANH CUA   MÓN NGON MỖI NGÀY  VIVU TV 06092020
L26_V435,04/09/2020,CHẢ MỰC BÁNH XE CHIÊN GIÒN,CHẢ MỰC BÁNH XE CHIÊN GIÒN  MÓN NGON MỖI NGÀY  VIVU TV 05092020
L26_V436,03/09/2020,PANCAKE NHÂN TÁO,PANCAKE NHÂN TÁO  MÓN NGON MỖI NGÀY  VIVU TV  04092020
L26_V437,29/08/2020,CẢI NGỒNG XÀO NẤM,CẢI NGỒNG XÀO NẤM   MÓN NGON MỖI NGÀY  VIVU TV 30082020
L26_V438,28/08/2020,LẨU GÀ MẮC KHÉN,LẨU GÀ MẮC KHÉN   MÓN NGON MỖI NGÀY  VIVU TV 29082020
L26_V439,27/08/2020,ỐC XÀO LĂN LÁ CÁCH,ỐC XÀO LĂN LÁ CÁCH  MÓN NGON MỖI NGÀY  VIVU TV 28082020
L26_V440,22/08/2020,HÀU XÀO BÔNG CẢI,HÀU XÀO BÔNG CẢI  MÓN NGON MỖI NGÀY  VIVU TV 23082020
L26_V441,21/08/2020,ẾCH CHIÊN BỎ TỎI,ẾCH CHIÊN BỎ TỎI  MÓN NGON MỖI NGÀY  VIVU TV 22082020
L26_V442,20/08/2020,TRÀ SỮA THẠCH KEM HẠT CHIA,TRÀ SỮA THẠCH KEM HẠT CHIA  MÓN NGON MỖI NGÀY  VIVU TV 21082020
L26_V443,15/08/2020,BÚN XÀO HẢI SẢN,BÚN XÀO HẢI SẢN  MÓN NGON MỖI NGÀY  VIVU TV 16082020
L26_V444,14/08/2020,SÒ LÔNG NƯỚNG BƠ TỎI,SÒ LÔNG NƯỚNG BƠ TỎI  MÓN NGON MỖI NGÀY  VIVU TV 15082020
L26_V445,13/08/2020,GÀ KHO NẤM,GÀ KHO NẤM   MÓN NGON MỖI NGÀY  VIVU TV 14082020
L26_V446,08/08/2020,CANH CÁ ĐỒNG NẤU KHẾ,CANH CÁ ĐỒNG NẤU KHẾ  MÓN NGON MỖI NGÀY  VIVU TV 09082020
L26_V447,07/08/2020,SÚP ÓC HEO TÓC TIÊN,SÚP ÓC HEO TÓC TIÊN  MÓN NGON MỖI NGÀY  VIVU TV 08082020
L26_V448,06/08/2020,CÁ HỒI ÁP CHẢO SỐT TIÊU,CÁ HỒI ÁP CHẢO SỐT TIÊU  MÓN NGON MỖI NGÀY  VIVU TV 07082020
L26_V449,01/08/2020,CÀNG CUA CHIÊN MÈ XỐT MAYO,CÀNG CUA CHIÊN MÈ XỐT MAYO  MÓN NGON MỖI NGÀY  VIVU TV 02082020
L26_V450,31/07/2020,CHÁO ĐẬU CHÀ BÔNG CÁ HỒI,CHÁO ĐẬU CHÀ BÔNG CÁ HỒI  MÓN NGON MỖI NGÀY  VIVU TV 01082020
L26_V451,30/07/2020,LẨU NẤM TIỀM CỦ QUẢ,LẨU NẤM TIỀM CỦ QUẢ   MÓN NGON MỖI NGÀY  VIVU TV 31072020
L26_V452,25/07/2020,CANH SƯỜN NHA ĐAM,CANH SƯỜN NHA ĐAM   MÓN NGON MỖI NGÀY  VIVU TV 26072020
L26_V453,24/07/2020,SƯỜN CUỘN BACON CHIÊN MÈ,SƯỜN CUỘN BACON CHIÊN MÈ  MÓN NGON MỖI NGÀY  VIVU TV 25072020
L26_V454,23/07/2020,HÀU TRỘN MẦM CẢI,HÀU TRỘN MẦM CẢI   MÓN NGON MỖI NGÀY  VIVU TV  24072020
L26_V455,18/07/2020,CÁ TAI TƯỢNG XỐT SAMBAL,CÁ TAI TƯỢNG XỐT SAMBAL  MÓN NGON MỖI NGÀY  VIVU TV 19072020
L26_V456,17/07/2020,SALAD TÔM ĐẬU HỦ,SALAD TÔM ĐẬU HỦ  MÓN NGON MỖI NGÀY  VIVU TV 18072020
L26_V457,16/07/2020,CANH NGHÊU KIM CHI TÍA TÔ,CANH NGHÊU KIM CHI TÍA TÔ  MÓN NGON MỖI NGÀY  VIVU TV 17072020
L26_V458,11/07/2020,CANH NẤM GÀ LÁ GIANG,CANH NẤM GÀ LÁ GIANG  MÓN NGON MỖI NGÀY  VIVU TV 12072020
L26_V459,10/07/2020,GÀ NƯỚNG LỬA TRẠI,GÀ NƯỚNG LỬA TRẠI  MÓN NGON MỖI NGÀY  VIVU TV 11072020
L26_V460,09/07/2020,PANCAKE 2 MÀU CHUỐI SOCOLA,PANCAKE 2 MÀU CHUỐI SOCOLA  MÓN NGON MỖI NGÀY  VIVU TV 10072020
L26_V461,04/07/2020,CÁ CHIÊN XỐT NẤM,CÁ CHIÊN XỐT NẤM  MÓN NGON MỖI NGÀY  VIVU TV 05072020
L26_V462,03/07/2020,SÚP BÁT TRÂN CHAY,SÚP BÁT TRÂN CHAY   MÓN NGON MỖI NGÀY  VIVU TV 04072020
L26_V463,02/07/2020,SALAD THANH LONG CHANH DÂY,SALAD THANH LONG CHANH DÂY  MÓN NGON MỖI NGÀY  VIVU TV 03072020
L26_V464,27/06/2020,BÁNH CANH VỊT,BÁNH CANH VỊT   MÓN NGON MỖI NGÀY  VIVU TV 28062020
L26_V465,26/06/2020,CHẢ BÒ CHIÊN,CHẢ BÒ CHIÊN   MÓN NGON MỖI NGÀY  VIVU TV 27062020
L26_V466,25/06/2020,CÁ NGỪ ĐẠI DƯƠNG LÚC LẮC,CÁ NGỪ ĐẠI DƯƠNG LÚC LẮC  MÓN NGON MỖI NGÀY  VIVU TV 26062020
L26_V467,06/06/2020,CÁ HẤP NGƯU BÀNG,CÁ HẤP NGƯU BÀNG  MÓN NGON MỖI NGÀY  VIVU TV 07062020
L26_V468,05/06/2020,CHẢ GIÒ HÀU,CHẢ GIÒ HÀU  MÓN NGON MỖI NGÀY  VIVU TV 06062020
L26_V469,04/06/2020,ĐẬU HỦ ÁP CHẢO XỐT SAMBAL,ĐẬU HỦ ÁP CHẢO XỐT SAMBAL  MÓN NGON MỖI NGÀY  VIVU TV 05062020
L26_V470,30/05/2020,MỰC QUE CHIÊN GIÒN XỐT CAM,MỰC QUE CHIÊN GIÒN XỐT CAM  MÓN NGON MỖI NGÀY  VIVU TV 31052020
L26_V471,29/05/2020,CẢI THẢO CUỘN TÔM CÁ,CẢI THẢO CUỘN TÔM CÁ  MÓN NGON MỖI NGÀY  VIVU TV 30052020
L26_V472,28/05/2020,PANCAKE THANH LONG ĐỎ,PANCAKE THANH LONG ĐỎ  MÓN NGON MỖI NGÀY  VIVU TV 29052020
L26_V473,23/05/2020,CANH GÀ BÍ XANH,CANH GÀ BÍ XANH  MÓN NGON MỖI NGÀY  VIVU TV  24052020
L26_V474,22/05/2020,SƯỜN NON KHO CHAO,SƯỜN NON KHO CHAO   MÓN NGON MỖI NGÀY  VIVU TV 23052020
L26_V475,21/05/2020,CÀ TÍM NƯỚNG TÔM CHÁY MỠ HẸ,CÀ TÍM NƯỚNG TÔM CHÁY MỠ HẸ   MÓN NGON MỖI NGÀY  VIVU TV 22052020
L26_V476,17/05/2020,CÁ KHO QUẸT MÓN QUÊ LẠ MIỆNG,CÁ KHO QUẸT MÓN QUÊ LẠ MIỆNG  MÓN NGON MỖI NGÀY  VIVU TV 16052020.
L26_V477,16/05/2020,TÔM CHIÊN MẶT NGUYỆT,TÔM CHIÊN MẶT NGUYỆT  MÓN NGON MỖI NGÀY  VIVU TV 15052020.
L26_V478,09/05/2020,SALAD MỰC ỐNG,SALAD MỰC ỐNG  MÓN NGON MỖI NGÀY  VIVU TV 10052020
L26_V479,08/05/2020,ỚT CHUÔNG HẢI SẢN PHÔ MAI,ỚT CHUÔNG HẢI SẢN PHÔ MAI  MÓN NGON MỖI NGÀY  VIVU TV  09052020
L26_V480,07/05/2020,CÁ DỨA MỘT NẮNG CHUA NGỌT,CÁ DỨA MỘT NẮNG CHUA NGỌT  MÓN NGON MỖI NGÀY  VIVU TV 08052020
L26_V481,02/05/2020,CANH SƯỜN BÍ ĐỎ RONG BIỂN,CANH SƯỜN BÍ ĐỎ RONG BIỂN  MÓN NGON MỖI NGÀY  VIVU TV 03052020
L26_V482,01/05/2020,ĐẬU HŨ CUỘN CHIÊN GIÒN,ĐẬU HŨ CUỘN CHIÊN GIÒN   MÓN NGON MỖI NGÀY  VIVU TV 02052020
L26_V483,30/04/2020,PHỞ SẮN XÀO THẬP CẨM,PHỞ SẮN XÀO THẬP CẨM  MÓN NGON MỖI NGÀY  VIVU TV 01052020
L26_V484,25/04/2020,ẾCH KHÓI LỬA,ẾCH KHÓI LỬA  MÓN NGON MỖI NGÀY  VIVU TV  26042020
L26_V485,24/04/2020,CANH MỒNG TƠI NẤM,CANH MỒNG TƠI NẤM  MÓN NGON MỖI NGÀY  VIVU TV  25042020
L26_V486,23/04/2020,BÁNH XÈO HẢI SẢN,BÁNH XÈO HẢI SẢN  MÓN NGON MỖI NGÀY  VIVU TV  24042020.
L26_V487,21/04/2020,GÀ NƯỚNG CỎ XẠ HƯƠNG,GÀ NƯỚNG CỎ XẠ HƯƠNG  MÓN NGON MỖI NGÀY  VIVU TV 22022020
L26_V488,20/04/2020,THỊT BA CHỈ XIÊN QUE CHIÊN GIÒN,THỊT BA CHỈ XIÊN QUE CHIÊN GIÒN  MÓN NGON MỖI NGÀY  VIVU TV
L26_V489,18/04/2020,BẮP BÒ XỐT PATE CHẤM MUỐI TẮC,BẮP BÒ XỐT PATE CHẤM MUỐI TẮC  MÓN NGON MỖI NGÀY  VIVU TV  19042020.
L26_V490,17/04/2020,PANCAKE ĐẬU XANH CỐT DỪA,PANCAKE ĐẬU XANH CỐT DỪA  MÓN NGON MỖI NGÀY  VIVU TV  18042020
L26_V491,16/04/2020,SALAD BÒ DƯA KIỆU TƯƠI MÁT GIẢI NHIỆT MÙA DỊCH,SALAD BÒ DƯA KIỆU TƯƠI MÁT GIẢI NHIỆT MÙA DỊCH  MÓN NGON MỖI NGÀY  VIVU TV  17042020
L26_V492,14/04/2020,PANCAKE KHOAI LANG MẬT ONG,PANCAKE KHOAI LANG MẬT ONG  MÓN NGON MỖI NGÀY  VIVU TV 21022020
L26_V493,11/04/2020,CANH CHÂN NẤM TÁO ĐỎ,CANH CHÂN NẤM TÁO ĐỎ  MÓN NGON MỖI NGÀY  VIVU TV 12042020
L26_V494,10/04/2020,PANCAKE DỨA HẠNH NHÂN,PANCAKE DỨA HẠNH NHÂN  MÓN NGON MỖI NGÀY  VIVU TV 11042020
L26_V495,10/04/2020,LẨU ẾCH LÁ LỐT,LẨU ẾCH LÁ LỐT  MÓN NGON MỖI NGÀY  VIVU TV  29022020
L26_V496,10/04/2020,CƠM GẠO LỨT TRỘN,CƠM GẠO LỨT TRỘN  MÓN NGON MỖI NGÀY  VIVU TV  01032020
L26_V497,10/04/2020,ĐẬU HỦ HẤP NẤM NHẬT,ĐẬU HỦ HẤP NẤM NHẬT  MÓN NGON MỖI NGÀY  VIVU TV  06032020
L26_V498,10/04/2020,SALAD CẢI MẦM TÔM CHIÊN,SALAD CẢI MẦM TÔM CHIÊN  MÓN NGON MỖI NGÀY  VIVU TV  07032020
L26_V499,10/04/2020,CÁ CHÉP NẤU RIỀNG MẺ,CÁ CHÉP NẤU RIỀNG MẺ  MÓN NGON MỖI NGÀY  VIVU TV 05042020
