video_id,publish_date,entry_title,is_announcement,length_sec,title
L30_V001,10/10/2024,Chàng trai ‘hồi sinh’ xe đạp tặng người nghèo,False,127,Lan tỏa năng lượng tích cực 2024 Chàng trai ‘hồi sinh’ xe đạp tặng người nghèo
L30_V002,10/10/2024,Nuôi ước mơ gieo con chữ cho người nghèo,False,165,Lan tỏa năng lượng tích cực 2024 Nuôi ước mơ gieo con chữ cho người nghèo
L30_V003,08/10/2024,Truyền cảm hứng với tinh thần tự học,False,324,Lan tỏa năng lượng tích cực 2024 Truyền cảm hứng với tinh thần tự học
L30_V004,08/10/2024,Hãy làm cho mẹ tự hào!,False,240,Lan tỏa năng lượng tích cực 2024 Hãy làm cho mẹ tự hào!
L30_V005,06/10/2024,Lan tỏa phong trào hiến máu tình nguyện,False,66,Lan tỏa năng lượng tích cực 2024 Lan tỏa phong trào hiến máu tình nguyện
L30_V006,06/10/2024,Ban nhạc học sinh lan tỏa niềm vui qua câu hát,False,186,Lan tỏa năng lượng tích cực 2024 Ban nhạc học sinh lan tỏa niềm vui qua câu hát
L30_V007,03/10/2024,Giúp nhau học tốt,False,312,Lan tỏa năng lượng tích cực 2024 Giúp nhau học tốt
L30_V008,02/10/2024,Nỗ lực khôi phục nghệ thuật xưa,False,205,Lan tỏa năng lượng tích cực 2024 Nỗ lực khôi phục nghệ thuật xưa
L30_V009,02/10/2024,Sử dụng mạng xã hội để làm điều có ích,False,422,Lan tỏa năng lượng tích cực 2024 Sử dụng mạng xã hội để làm điều có ích
L30_V010,01/10/2024,‘Gieo chữ’ cho học sinh nghèo,False,166,Lan tỏa năng lượng tích cực 2024 ‘Gieo chữ’ cho học sinh nghèo
L30_V011,29/09/2024,Chúng ta hãy giúp đỡ động vật,False,75,Lan tỏa năng lượng tích cực 2024 Chúng ta hãy giúp đỡ động vật
L30_V012,29/09/2024,Cỏ thủy tinh trên đất thép,False,320,Lan tỏa năng lượng tích cực 2024 Cỏ thủy tinh trên đất thép
L30_V013,28/09/2024,Theo đuổi ước mơ làm giàu từ đam mê,False,81,Lan tỏa năng lượng tích cực 2024 Theo đuổi ước mơ làm giàu từ đam mê
L30_V014,28/09/2024,Tiệm sách miễn phí ‘3 không’ ở Sài Gòn,False,114,Lan tỏa năng lượng tích cực 2024 Tiệm sách miễn phí ‘3 không’ ở Sài Gòn
L30_V015,27/09/2024,Hãy làm phong phú cuộc sống của bạn!,False,272,Lan tỏa năng lượng tích cực 2024 Hãy làm phong phú cuộc sống của bạn!
L30_V016,26/09/2024,Cùng nhau lan tỏa yêu thương,False,138,Lan tỏa năng lượng tích cực 2024 Cùng nhau lan tỏa yêu thương
L30_V017,26/09/2024,Thanh âm diệu kỳ của trống Hang-drum,False,291,Lan tỏa năng lượng tích cực 2024 Thanh âm diệu kỳ của trống Hang-drum
L30_V018,22/09/2024,Trái tim người thầy thuốc,False,378,Lan tỏa năng lượng tích cực 2024 Trái tim người thầy thuốc
L30_V019,22/09/2024,Lan tỏa tinh thần tương trợ,False,175,Lan tỏa năng lượng tích cực 2024 Lan tỏa tinh thần tương trợ
L30_V020,19/09/2024,Tấm lòng hướng về những bệnh nhân nghèo,False,141,Lan tỏa năng lượng tích cực 2024 Tấm lòng hướng về những bệnh nhân nghèo
L30_V021,19/09/2024,Chung tay chia sẻ yêu thương,False,126,Lan tỏa năng lượng tích cực 2024 Chung tay chia sẻ yêu thương
L30_V022,18/09/2024,Trung thu ý nghĩa,False,117,Lan tỏa năng lượng tích cực 2024 Trung thu ý nghĩa
L30_V023,18/09/2024,Tình nghĩa đồng bào,False,235,Lan tỏa năng lượng tích cực 2024 Tình nghĩa đồng bào
L30_V024,17/09/2024,Sáng tạo góp phần nâng tầm bánh kem,False,136,Lan tỏa năng lượng tích cực 2024 Sáng tạo góp phần nâng tầm bánh kem
L30_V025,17/09/2024,Âm nhạc nâng đỡ tâm hồn người yếu thế,False,248,Lan tỏa năng lượng tích cực 2024 Âm nhạc nâng đỡ tâm hồn người yếu thế
L30_V026,16/09/2024,Sinh viên dựng kịch nói tôn vinh Việt phục,False,182,Lan tỏa năng lượng tích cực 2024 Sinh viên dựng kịch nói tôn vinh Việt phục
L30_V027,16/09/2024,15 tập nhật ký lưu giữ ký ức,False,351,Lan tỏa năng lượng tích cực 2024 15 tập nhật ký lưu giữ ký ức
L30_V028,13/09/2024,Thỏa sức sáng tạo dù ở bất cứ độ tuổi nào,False,245,Lan tỏa năng lượng tích cực 2024 Thỏa sức sáng tạo dù ở bất cứ độ tuổi nào
L30_V029,13/09/2024,Khởi nghiệp từ dự án làm khóa luận tốt nghiệp,False,313,Lan tỏa năng lượng tích cực 2024 Khởi nghiệp từ dự án làm khóa luận tốt nghiệp
L30_V030,11/09/2024,Thắp sáng tương lai bằng con chữ,False,344,Lan tỏa năng lượng tích cực 2024 Thắp sáng tương lai bằng con chữ
L30_V031,11/09/2024,Nghĩa tình đồng bào,False,140,Lan tỏa năng lượng tích cực 2024 Nghĩa tình đồng bào
L30_V032,09/09/2024,Bệnh tật không đánh gục giấc mơ đại học,False,250,Lan tỏa năng lượng tích cực 2024 Bệnh tật không đánh gục giấc mơ đại học
L30_V033,08/09/2024,Biết ơn và trân trọng thiên nhiên,False,343,Lan tỏa năng lượng tích cực 2024 Biết ơn và trân trọng thiên nhiên
L30_V034,08/09/2024,Lớp học đong đầy yêu thương,False,265,Lan tỏa năng lượng tích cực 2024 Lớp học đong đầy yêu thương
L30_V035,07/09/2024,Giữ cho làng chiếu mãi tươi màu,False,80,Lan tỏa năng lượng tích cực 2024 Giữ cho làng chiếu mãi tươi màu
L30_V036,07/09/2024,Du lịch miệt vườn - cách chữa lành tích cực,False,83,Lan tỏa năng lượng tích cực 2024 Du lịch miệt vườn - cách chữa lành tích cực
L30_V037,06/09/2024,"Vượt qua bạo bệnh, lan tỏa năng lượng tích cực",False,219,"Lan tỏa năng lượng tích cực 2024 Vượt qua bạo bệnh, lan tỏa năng lượng tích cực"
L30_V038,05/09/2024,Hoa nhân ái,False,253,Lan tỏa năng lượng tích cực 2024 Hoa nhân ái
L30_V039,05/09/2024,‘Gieo chữ’ cho học trò nghèo,False,273,Lan tỏa năng lượng tích cực 2024 ‘Gieo chữ’ cho học trò nghèo
L30_V040,04/09/2024,Mái ấm của những chú mèo hoang,False,65,Lan tỏa năng lượng tích cực 2024 Mái ấm của những chú mèo hoang
L30_V041,04/09/2024,Tìm về hồi ức tuổi thơ,False,84,Lan tỏa năng lượng tích cực 2024 Tìm về hồi ức tuổi thơ
L30_V042,03/09/2024,Kiến thức bao la từ mái chùa,False,111,Lan tỏa năng lượng tích cực 2024 Kiến thức bao la từ mái chùa
L30_V043,02/09/2024,Quán trọ bao dung,False,185,Lan tỏa năng lượng tích cực 2024 Quán trọ bao dung
L30_V044,02/09/2024,Quán cà phê của sự tử tế,False,133,Lan tỏa năng lượng tích cực 2024 Quán cà phê của sự tử tế
L30_V045,31/08/2024,Khơi dậy tình yêu nghề truyền thống,False,328,Lan tỏa năng lượng tích cực 2024 Khơi dậy tình yêu nghề truyền thống
L30_V046,31/08/2024,Dành tình thương cho người yếu thế,False,277,Lan tỏa năng lượng tích cực 2024 Dành tình thương cho người yếu thế
L30_V047,29/08/2024,Cùng lan tỏa những việc làm ý nghĩa,False,288,Lan tỏa năng lượng tích cực 2024 Cùng lan tỏa những việc làm ý nghĩa
L30_V048,29/08/2024,Khát vọng cống hiến,False,400,Lan tỏa năng lượng tích cực 2024 Khát vọng cống hiến
L30_V049,26/08/2024,Ý nghĩa từ lớp dạy bơi miễn phí,False,181,Cuộc thi Lan tỏa năng lượng tích cực 2024 Ý nghĩa từ lớp dạy bơi miễn phí
L30_V050,26/08/2024,Lớp học đặc biệt giữa rừng,False,142,Cuộc thi Lan tỏa năng lượng tích cực 2024 Lớp học đặc biệt giữa rừng
L30_V051,24/08/2024,Thông điệp về tình người sau gánh hàng rong,False,187,Cuộc thi Lan tỏa năng lượng tích cực 2024 Thông điệp về tình người sau gánh hàng rong
L30_V052,24/08/2024,Làm ‘bác sĩ’ cho sách,False,293,Cuộc thi Lan tỏa năng lượng tích cực 2024 Làm ‘bác sĩ’ cho sách
L30_V053,23/08/2024,'Cơm treo' nối dài lòng nhân ái,False,304,Lan tỏa năng lượng tích cực 2024 'Cơm treo' nối dài lòng nhân ái
L30_V054,23/08/2024,Thắp sáng niềm tin vào cuộc sống,False,366,Cuộc thi Lan tỏa năng lượng tích cực 2024 Thắp sáng niềm tin vào cuộc sống
L30_V055,22/08/2024,Âm nhạc và sự tử tế,False,216,Lan tỏa năng lượng tích cực 2024 Âm nhạc và sự tử tế
L30_V056,22/08/2024,Khởi nghiệp với mong muốn nâng tầm nông sản Việt,False,300,Lan tỏa năng lượng tích cực 2024 Khởi nghiệp với mong muốn nâng tầm nông sản Việt
L30_V057,21/08/2024,Hãy làm cuộc sống trở nên thú vị,False,187,Lan tỏa năng lượng tích cực 2024 Hãy làm cuộc sống trở nên thú vị
L30_V058,21/08/2024,‘Chiến thần’ làm tình nguyện,False,119,Lan tỏa năng lượng tích cực 2024 ‘Chiến thần’ làm tình nguyện
L30_V059,20/08/2024,Đổi mới sáng tạo là chìa khóa thành công,False,216,Lan tỏa năng lượng tích cực 2024 Đổi mới sáng tạo là chìa khóa thành công
L30_V060,20/08/2024,Xương rồng và tình yêu,False,148,Lan tỏa năng lượng tích cực 2024 Xương rồng và tình yêu
L30_V061,20/08/2024,‘Khởi nghiệp xanh’ để gần hơn với thiên nhiên,False,332,Lan tỏa năng lượng tích cực 2024 ‘Khởi nghiệp xanh’ để gần hơn với thiên nhiên
L30_V062,19/08/2024,Hãy yêu thương động vật xung quanh ta!,False,224,Lan tỏa năng lượng tích cực 2024 Hãy yêu thương động vật xung quanh ta!
L30_V063,19/08/2024,Yêu và mạnh dạn theo đuổi đam mê,False,258,Lan tỏa năng lượng tích cực 2024 Yêu và mạnh dạn theo đuổi đam mê
L30_V064,18/08/2024,Chia sẻ hơi ấm đến người nghèo,False,274,Lan tỏa năng lượng tích cực 2024 Chia sẻ hơi ấm đến người nghèo
L30_V065,17/08/2024,Thanh âm đại ngàn,False,108,Lan tỏa năng lượng tích cực 2024 Thanh âm đại ngàn
L30_V066,17/08/2024,Lan tỏa tinh thần sống đẹp,False,280,Cuộc thi Lan tỏa năng lượng tích cực 2024 Lan tỏa tinh thần sống đẹp
L30_V067,16/08/2024,Kết nối những trái tim,False,111,Lan tỏa năng lượng tích cực 2024 Kết nối những trái tim
L30_V068,16/08/2024,Bản làng hạnh phúc,False,247,Lan tỏa năng lượng tích cực 2024 Bản làng hạnh phúc
L30_V069,15/08/2024,Sáng chế hữu ích của 'kỹ sư chân đất',False,225,Lan tỏa năng lượng tích cực 2024 Sáng chế hữu ích của 'kỹ sư chân đất'
L30_V070,15/08/2024,Hạnh phúc trên những phím đàn,False,89,Cuộc thi Lan tỏa năng lượng tích cực 2024 Hạnh phúc trên những phím đàn
L30_V071,14/08/2024,Người giữ rừng,False,78,Lan tỏa năng lượng tích cực 2024 Người giữ rừng
L30_V072,14/08/2024,12 năm mang yêu thương trao nơi vùng xa,False,87,Lan tỏa năng lượng tích cực 2024 12 năm mang yêu thương trao nơi vùng xa
L30_V073,13/08/2024,Dùng chuyên môn để làm thiện nguyện,False,210,Cuộc thi Lan tỏa năng lượng tích cực 2024 Dùng chuyên môn để làm thiện nguyện
L30_V074,11/08/2024,"Lưu giữ hồi ức qua bộ sưu tập sách, lưu bút",False,257,"Lan tỏa năng lượng tích cực 2024 Lưu giữ hồi ức qua bộ sưu tập sách, lưu bút"
L30_V075,11/08/2024,Chàng trai tinh thể,False,258,Lan tỏa năng lượng tích cực 2024 Chàng trai tinh thể
L30_V076,10/08/2024,Tấm lòng của một vị lương y,False,169,Lan tỏa năng lượng tích cực 2024 Tấm lòng của một vị lương y
L30_V077,10/08/2024,"‘Ai cần thì đến lấy, ai dư thì đến cho’",False,199,"Lan tỏa năng lượng tích cực 2024 ‘Ai cần thì đến lấy, ai dư thì đến cho’"
L30_V078,09/08/2024,Lớp học 0 đồng cho người yêu bếp,False,198,Lan tỏa năng lượng tích cực 2024 Lớp học 0 đồng cho người yêu bếp
L30_V079,09/08/2024,Tiệm sửa xe dễ thương giữa lòng Sài Gòn,False,160,Lan tỏa năng lượng tích cực 2024 Tiệm sửa xe dễ thương giữa lòng Sài Gòn
L30_V080,09/08/2024,Đam mê dẫn lối,False,278,Lan tỏa năng lượng tích cực 2024 Đam mê dẫn lối
L30_V081,08/08/2024,Nơi tình người tỏa sáng,False,184,Cuộc thi Lan tỏa năng lượng tích cực 2024 Nơi tình người tỏa sáng
L30_V082,07/08/2024,Trái tim yêu thương,False,220,Lan tỏa năng lượng tích cực 2024 Trái tim yêu thương
L30_V083,07/08/2024,Màu của hy vọng,False,297,Lan tỏa năng lượng tích cực 2024 Màu của hy vọng
L30_V084,06/08/2024,Cho đi là còn mãi,False,207,Lan tỏa năng lượng tích cực 2024 Cho đi là còn mãi
L30_V085,06/08/2024,Hết mình theo đuổi đam mê,False,195,Lan tỏa năng lượng tích cực 2024 Hết mình theo đuổi đam mê
L30_V086,05/08/2024,Sáng tạo để cuộc sống thêm phần thú vị,False,190,Lan tỏa năng lượng tích cực 2024 Sáng tạo để cuộc sống thêm phần thú vị
L30_V087,05/08/2024,Mong người trẻ yêu thích và lan tỏa văn hóa đọc,False,226,Lan tỏa năng lượng tích cực 2024 Mong người trẻ yêu thích và lan tỏa văn hóa đọc
L30_V088,04/08/2024,"Nếu đã chọn, hãy học cách kiên trì",False,209,"Lan tỏa năng lượng tích cực 2024 Nếu đã chọn, hãy học cách kiên trì"
L30_V089,04/08/2024,Những ‘trái tim xanh’,False,211,Lan tỏa năng lượng tích cực 2024 Những ‘trái tim xanh’
L30_V090,03/08/2024,Lan tỏa tình yêu qua sách tranh,False,225,Lan tỏa năng lượng tích cực 2024 Lan tỏa tình yêu qua sách tranh
L30_V091,03/08/2024,Hãy cho nhau những gì ta có thể!,False,281,Lan tỏa năng lượng tích cực 2024 Hãy cho nhau những gì ta có thể!
L30_V092,02/08/2024,Ấm áp phiên chợ 0 đồng ở bệnh viện,False,173,Cuộc thi Lan tỏa năng lượng tích cực 2024 Ấm áp phiên chợ 0 đồng ở bệnh viện
L30_V093,02/08/2024,Bước qua bóng tối,False,262,Lan tỏa năng lượng tích cực 2024 Bước qua bóng tối
L30_V094,01/08/2024,Hệ thống bơm nước tự động giúp nông dân tưới tiêu,False,219,Lan tỏa năng lượng tích cực 2024 Hệ thống bơm nước tự động giúp nông dân tưới tiêu
L30_V095,01/08/2024,"Gieo mầm đam mê, gặt về quả ngọt",False,310,"Lan tỏa năng lượng tích cực 2024 Gieo mầm đam mê, gặt về quả ngọt"
L30_V096,28/07/2024,Mời bạn đọc tham gia cuộc thi ‘Lan tỏa năng lượng tích cực’ lần 5,True,94,Mời bạn đọc tham gia cuộc thi ‘Lan tỏa năng lượng tích cực’ lần 5
